alias_clean,substance_clean,alias_type,source,confidence_prior
humira,adalimumab,manual_brand,llm_curated,1
keytruda,pembrolizumab,manual_brand,llm_curated,1
opdivo,nivolumab,manual_brand,llm_curated,1
tecentriq,atezolizumab,manual_brand,llm_curated,1
avastin,bevacizumab,manual_brand,llm_curated,1
herceptin,trastuzumab,manual_brand,llm_curated,1
rituxan,rituximab,manual_brand,llm_curated,1
mabthera,rituximab,manual_brand,llm_curated,1
imbruvica,ibrutinib,manual_brand,llm_curated,1
tagrisso,osimertinib,manual_brand,llm_curated,1
lynparza,olaparib,manual_brand,llm_curated,1
perjeta,pertuzumab,manual_brand,llm_curated,1
kadcyla,ado-trastuzumab emtansine,manual_brand,llm_curated,1
enhertu,trastuzumab deruxtecan,manual_brand,llm_curated,1
trodelvy,sacituzumab govitecan,manual_brand,llm_curated,1
padcev,enfortumab vedotin,manual_brand,llm_curated,1
calquence,acalabrutinib,manual_brand,llm_curated,1
brukinsa,zanubrutinib,manual_brand,llm_curated,1
zydelig,idelalisib,manual_brand,llm_curated,1
aliqopa,copanlisib,manual_brand,llm_curated,1
piqray,alpelisib,manual_brand,llm_curated,1
zejula,niraparib,manual_brand,llm_curated,1
rubraca,rucaparib,manual_brand,llm_curated,1
talzenna,talazoparib,manual_brand,llm_curated,1
ibrance,palbociclib,manual_brand,llm_curated,1
kisqali,ribociclib,manual_brand,llm_curated,1
verzenio,abemaciclib,manual_brand,llm_curated,1
venclexta,venetoclax,manual_brand,llm_curated,1
venclyxto,venetoclax,manual_brand,llm_curated,1
gleevec,imatinib,manual_brand,llm_curated,1
glivec,imatinib,manual_brand,llm_curated,1
sprycel,dasatinib,manual_brand,llm_curated,1
tasigna,nilotinib,manual_brand,llm_curated,1
bosulif,bosutinib,manual_brand,llm_curated,1
iclusig,ponatinib,manual_brand,llm_curated,1
scemblix,asciminib,manual_brand,llm_curated,1
xalkori,crizotinib,manual_brand,llm_curated,1
alecensa,alectinib,manual_brand,llm_curated,1
alunbrig,brigatinib,manual_brand,llm_curated,1
lorbrena,lorlatinib,manual_brand,llm_curated,1
zykadia,ceritinib,manual_brand,llm_curated,1
cabometyx,cabozantinib,manual_brand,llm_curated,1
cometriq,cabozantinib,manual_brand,llm_curated,1
sutent,sunitinib,manual_brand,llm_curated,1
nexavar,sorafenib,manual_brand,llm_curated,1
stivarga,regorafenib,manual_brand,llm_curated,1
lenvima,lenvatinib,manual_brand,llm_curated,1
inlyta,axitinib,manual_brand,llm_curated,1
votrient,pazopanib,manual_brand,llm_curated,1
caprelsa,vandetanib,manual_brand,llm_curated,1
erbitux,cetuximab,manual_brand,llm_curated,1
vectibix,panitumumab,manual_brand,llm_curated,1
cyramza,ramucirumab,manual_brand,llm_curated,1
yervoy,ipilimumab,manual_brand,llm_curated,1
libtayo,cemiplimab,manual_brand,llm_curated,1
jemperli,dostarlimab,manual_brand,llm_curated,1
bavencio,avelumab,manual_brand,llm_curated,1
imfinzi,durvalumab,manual_brand,llm_curated,1
prolia,denosumab,manual_brand,llm_curated,1
xgeva,denosumab,manual_brand,llm_curated,1
jakavi,ruxolitinib,manual_brand,llm_curated,1
jakafi,ruxolitinib,manual_brand,llm_curated,1
rydapt,midostaurin,manual_brand,llm_curated,1
xospata,gilteritinib,manual_brand,llm_curated,1
idhifa,enasidenib,manual_brand,llm_curated,1
tibsovo,ivosidenib,manual_brand,llm_curated,1
rezlidhia,olutasidenib,manual_brand,llm_curated,1
daurismo,glasdegib,manual_brand,llm_curated,1
erivedge,vismodegib,manual_brand,llm_curated,1
odomzo,sonidegib,manual_brand,llm_curated,1
velcade,bortezomib,manual_brand,llm_curated,1
kyprolis,carfilzomib,manual_brand,llm_curated,1
ninlaro,ixazomib,manual_brand,llm_curated,1
revlimid,lenalidomide,manual_brand,llm_curated,1
pomalyst,pomalidomide,manual_brand,llm_curated,1
thalomid,thalidomide,manual_brand,llm_curated,1
xeloda,capecitabine,manual_brand,llm_curated,1
gemzar,gemcitabine,manual_brand,llm_curated,1
taxol,paclitaxel,manual_brand,llm_curated,1
taxotere,docetaxel,manual_brand,llm_curated,1
jevtana,cabazitaxel,manual_brand,llm_curated,1
abraxane,paclitaxel,manual_brand,llm_curated,1
hycamtin,topotecan,manual_brand,llm_curated,1
camptosar,irinotecan,manual_brand,llm_curated,1
yondelis,trabectedin,manual_brand,llm_curated,1
halaven,eribulin,manual_brand,llm_curated,1
arimidex,anastrozole,manual_brand,llm_curated,1
femara,letrozole,manual_brand,llm_curated,1
aromasin,exemestane,manual_brand,llm_curated,1
faslodex,fulvestrant,manual_brand,llm_curated,1
tamoxifen,tamoxifen,inn,llm_curated,1
zoladex,goserelin,manual_brand,llm_curated,1
lupron,leuprorelin,manual_brand,llm_curated,1
eligard,leuprorelin,manual_brand,llm_curated,1
zytiga,abiraterone acetate,manual_brand,llm_curated,1
xtandi,enzalutamide,manual_brand,llm_curated,1
erleada,apalutamide,manual_brand,llm_curated,1
nubeqa,darolutamide,manual_brand,llm_curated,1
platinol,cisplatin,manual_brand,llm_curated,1
paraplatin,carboplatin,manual_brand,llm_curated,1
eloxatin,oxaliplatin,manual_brand,llm_curated,1
cytoxan,cyclophosphamide,manual_brand,llm_curated,1
ifex,ifosfamide,manual_brand,llm_curated,1
alkeran,melphalan,manual_brand,llm_curated,1
leukeran,chlorambucil,manual_brand,llm_curated,1
treanda,bendamustine,manual_brand,llm_curated,1
temodar,temozolomide,manual_brand,llm_curated,1
temodal,temozolomide,manual_brand,llm_curated,1
adriamycin,doxorubicin,manual_brand,llm_curated,1
caelyx,doxorubicin,manual_brand,llm_curated,1
doxil,doxorubicin,manual_brand,llm_curated,1
myocet,doxorubicin,manual_brand,llm_curated,1
ellence,epirubicin,manual_brand,llm_curated,1
cerubidine,daunorubicin,manual_brand,llm_curated,1
idamycin,idarubicin,manual_brand,llm_curated,1
blenoxane,bleomycin,manual_brand,llm_curated,1
oncovin,vincristine,manual_brand,llm_curated,1
navelbine,vinorelbine,manual_brand,llm_curated,1
vepesid,etoposide,manual_brand,llm_curated,1
folfox,oxaliplatin|fluorouracil|leucovorin,combination_brand,llm_curated,0.95
folfiri,irinotecan|fluorouracil|leucovorin,combination_brand,llm_curated,0.95
biktarvy,bictegravir|emtricitabine|tenofovir alafenamide,combination_brand,llm_curated,1
truvada,emtricitabine|tenofovir disoproxil,combination_brand,llm_curated,1
lonsurf,tipiracil|trifluridine,combination_brand,llm_curated,1
entresto,sacubitril|valsartan,combination_brand,llm_curated,1
botox,botulinum toxin type a,manual_brand,llm_curated,1
dysport,botulinum toxin type a,manual_brand,llm_curated,1
xeomin,botulinum toxin type a,manual_brand,llm_curated,1
zebinix,eslicarbazepine acetate,manual_brand,llm_curated,1
pradaxa,dabigatran etexilate,manual_brand,llm_curated,1
fintepla,fenfluramine,manual_brand,llm_curated,1
xofluza,baloxavir marboxil,manual_brand,llm_curated,1
tavalisse,fostamatinib,manual_brand,llm_curated,1
onbrez,indacaterol,manual_brand,llm_curated,1
doptelet,avatrombopag,manual_brand,llm_curated,1
vanflyta,quizartinib,manual_brand,llm_curated,1
tivdak,tisotumab vedotin,manual_brand,llm_curated,1
zynlonta,loncastuximab tesirine,manual_brand,llm_curated,1
cenicriviroc,cenicriviroc,inn,llm_curated,1
remodulin,treprostinil,manual_brand,llm_curated,1
rytary,levodopa|carbidopa,combination_brand,llm_curated,1
sandimmun,ciclosporin,manual_brand,llm_curated,1
neoral,ciclosporin,manual_brand,llm_curated,1
prograf,tacrolimus,manual_brand,llm_curated,1
advagraf,tacrolimus,manual_brand,llm_curated,1
certican,everolimus,manual_brand,llm_curated,1
afinitor,everolimus,manual_brand,llm_curated,1
cellcept,mycophenolate mofetil,manual_brand,llm_curated,1
myfortic,mycophenolic acid,manual_brand,llm_curated,1
karxt,xanomeline|trospium,combination_brand,llm_curated,1
5-aminolevulinic acid hydrochloride,aminolevulinic acid,salt_hydrate_resolution,llm_curated,1
abacavir sulfate,abacavir,salt_hydrate_resolution,llm_curated,1
abacavir sulphate,abacavir,salt_hydrate_resolution,llm_curated,1
abbv-321,serclutamab,salt_hydrate_resolution,llm_curated,1
abetimus sodium,abetimus,salt_hydrate_resolution,llm_curated,1
abt-492,delafloxacin,salt_hydrate_resolution,llm_curated,1
ac0137,pramlintide,salt_hydrate_resolution,llm_curated,1
ac220,quizartinib,salt_hydrate_resolution,llm_curated,1
ac2307,davalintide,salt_hydrate_resolution,llm_curated,1
acamprosate calcium,acamprosate,salt_hydrate_resolution,llm_curated,1
acetazolamide sodium,acetazolamide,salt_hydrate_resolution,llm_curated,1
acetylcholine chloride,acetylcholine,salt_hydrate_resolution,llm_curated,1
achn-490,plazomicin,salt_hydrate_resolution,llm_curated,1
achromycin v,tetracycline,salt_hydrate_resolution,llm_curated,1
acrescent,memantine hydrochloride,salt_hydrate_resolution,llm_curated,1
adct-301,camidanlumab,salt_hydrate_resolution,llm_curated,1
adct-402,loncastuximab,salt_hydrate_resolution,llm_curated,1
advil,ibuprofen,salt_hydrate_resolution,llm_curated,1
aeb071,sotrastaurin,salt_hydrate_resolution,llm_curated,1
aegr-733,lomitapide,salt_hydrate_resolution,llm_curated,1
aerivio spiromax,fluticasone propionate,salt_hydrate_resolution,llm_curated,1
af37702,peginesatide,salt_hydrate_resolution,llm_curated,1
afegostat tartrate,afegostat,salt_hydrate_resolution,llm_curated,1
agilus,dantrolene sodium,salt_hydrate_resolution,llm_curated,1
aldomet,methyldopa,salt_hydrate_resolution,llm_curated,1
alfentanil hydrochloride,alfentanil,salt_hydrate_resolution,llm_curated,1
alimta,pemetrexed,salt_hydrate_resolution,llm_curated,1
aliskiren hemifumarate,aliskiren,salt_hydrate_resolution,llm_curated,1
almotriptan,almotriptan,salt_hydrate_resolution,llm_curated,1
aln-ttrsc02,vutrisiran,salt_hydrate_resolution,llm_curated,1
amantadine hydrochloride,amantadine,salt_hydrate_resolution,llm_curated,1
ameile,aumolertinib,salt_hydrate_resolution,llm_curated,1
amerol,aumolertinib,salt_hydrate_resolution,llm_curated,1
amg 706,motesanib,salt_hydrate_resolution,llm_curated,1
amikacin sulphate,amikacin,salt_hydrate_resolution,llm_curated,1
amiloride hydrochloride,amiloride,salt_hydrate_resolution,llm_curated,1
amiodarone hydrochloride,amiodarone,salt_hydrate_resolution,llm_curated,1
amitriptyline hydrochloride,amitriptyline,salt_hydrate_resolution,llm_curated,1
amlodipine besilate,amlodipine besilate,salt_hydrate_resolution,llm_curated,1
amlodipine besylate,amlodipine,salt_hydrate_resolution,llm_curated,1
ammonia,ammonia,salt_hydrate_resolution,llm_curated,1
ampicillin sodium,ampicillin,salt_hydrate_resolution,llm_curated,1
anagrelide hydrochloride monohydrate,anagrelide,salt_hydrate_resolution,llm_curated,1
anavex,blarcamesine,salt_hydrate_resolution,llm_curated,1
angiotensin ii,angiotensin ii,salt_hydrate_resolution,llm_curated,1
antepar,piperazine,salt_hydrate_resolution,llm_curated,1
antithrombin iii,antithrombin iii,salt_hydrate_resolution,llm_curated,1
apd791,temanogrel,salt_hydrate_resolution,llm_curated,1
aqumeldi,enalapril maleate,salt_hydrate_resolution,llm_curated,1
ar-13324,netarsudil,salt_hydrate_resolution,llm_curated,1
arginine hydrochloride,arginine,salt_hydrate_resolution,llm_curated,1
ariclaim,duloxetine,salt_hydrate_resolution,llm_curated,1
arimoclomol citrate,arimoclomol,salt_hydrate_resolution,llm_curated,1
aripiprazole lauroxil,aripiprazole,salt_hydrate_resolution,llm_curated,1
articaine hydrochloride,articaine,salt_hydrate_resolution,llm_curated,1
atazanavir sulfate,atazanavir,salt_hydrate_resolution,llm_curated,1
atazanavir sulphate,atazanavir,salt_hydrate_resolution,llm_curated,1
atenativ,antithrombin iii,salt_hydrate_resolution,llm_curated,1
ati-5923,tecarfarin,salt_hydrate_resolution,llm_curated,1
atomoxetine hydrochloride,atomoxetine,salt_hydrate_resolution,llm_curated,1
atropine sulfate,atropine,salt_hydrate_resolution,llm_curated,1
av-951,tivozanib,salt_hydrate_resolution,llm_curated,1
avandamet,rosiglitazone,salt_hydrate_resolution,llm_curated,1
avandia,rosiglitazone,salt_hydrate_resolution,llm_curated,1
avelox,moxifloxacin,salt_hydrate_resolution,llm_curated,1
aventyl,nortriptyline,salt_hydrate_resolution,llm_curated,1
avibactam sodium,avibactam,salt_hydrate_resolution,llm_curated,1
avonex,interferon beta,salt_hydrate_resolution,llm_curated,1
ay-5710,magaldrate,salt_hydrate_resolution,llm_curated,1
azelastine hydrochloride,azelastine,salt_hydrate_resolution,llm_curated,1
azilect,rasagiline,salt_hydrate_resolution,llm_curated,1
azithromycin monohydrate,azithromycin,salt_hydrate_resolution,llm_curated,1
bactroban,mupirocin,salt_hydrate_resolution,llm_curated,1
balaxur,memantine hydrochloride,salt_hydrate_resolution,llm_curated,1
bazedoxifene acetate,bazedoxifene,salt_hydrate_resolution,llm_curated,1
bbr 2778,pixantrone,salt_hydrate_resolution,llm_curated,1
bcx-1777,forodesine,salt_hydrate_resolution,llm_curated,1
beclometasone,beclomethasone,salt_hydrate_resolution,llm_curated,1
beclomethasone,beclomethasone,salt_hydrate_resolution,llm_curated,1
bedaquiline fumarate,bedaquiline,salt_hydrate_resolution,llm_curated,1
bemiparin sodium,bemiparin,salt_hydrate_resolution,llm_curated,1
benzydamine hydrochloride,benzydamine,salt_hydrate_resolution,llm_curated,1
besponsa,inotuzumab,salt_hydrate_resolution,llm_curated,1
betahistine dihydrochloride,betahistine,salt_hydrate_resolution,llm_curated,1
betamethasone acetate,betamethasone,salt_hydrate_resolution,llm_curated,1
betamethasone acibutate,betamethasone,salt_hydrate_resolution,llm_curated,1
betamethasone sodium phosphate,betamethasone,salt_hydrate_resolution,llm_curated,1
betamethasoni valeras,betamethasone,salt_hydrate_resolution,llm_curated,1
betoptic,betaxolol,salt_hydrate_resolution,llm_curated,1
betrixaban,betrixaban,salt_hydrate_resolution,llm_curated,1
betrixaban maleate,betrixaban,salt_hydrate_resolution,llm_curated,1
bevantolol hydrochloride,bevantolol,salt_hydrate_resolution,llm_curated,1
bia 2-093,eslicarbazepine,salt_hydrate_resolution,llm_curated,1
biktarvy,bictegravir,salt_hydrate_resolution,llm_curated,1
bindren,colestilan,salt_hydrate_resolution,llm_curated,1
bismuth subcitrate,bismuth subcitrate,salt_hydrate_resolution,llm_curated,1
bismuth subcitrate potassium,bismuth subcitrate,salt_hydrate_resolution,llm_curated,1
bisoprolol fumarate,bisoprolol,salt_hydrate_resolution,llm_curated,1
bisoprolol hemifumarate,bisoprolol,salt_hydrate_resolution,llm_curated,1
blocadren,timolol,salt_hydrate_resolution,llm_curated,1
bortezomib accord,bortezomib,salt_hydrate_resolution,llm_curated,1
bortezomib fresenius kabi,bortezomib,salt_hydrate_resolution,llm_curated,1
bortezomib hospira,bortezomib,salt_hydrate_resolution,llm_curated,1
bortezomib sun,bortezomib,salt_hydrate_resolution,llm_curated,1
bri 7013,astodrimer,salt_hydrate_resolution,llm_curated,1
bri-7013,astodrimer,salt_hydrate_resolution,llm_curated,1
bri7013,astodrimer,salt_hydrate_resolution,llm_curated,1
bridion,sugammadex,salt_hydrate_resolution,llm_curated,1
brintellix,vortioxetine,salt_hydrate_resolution,llm_curated,1
bromelain,bromelain,salt_hydrate_resolution,llm_curated,1
bromocriptine mesilate,bromocriptine,salt_hydrate_resolution,llm_curated,1
bromuro de tiotropio,tiotropium,salt_hydrate_resolution,llm_curated,1
buccolam,midazolam,salt_hydrate_resolution,llm_curated,1
bucindolol hydrochloride,bucindolol,salt_hydrate_resolution,llm_curated,1
bulevirtide,bulevirtide,salt_hydrate_resolution,llm_curated,1
bupivacaine hydrochloride,bupivacaine,salt_hydrate_resolution,llm_curated,1
buserelin acetate,buserelin,salt_hydrate_resolution,llm_curated,1
byfavo,remimazolam besilate,salt_hydrate_resolution,llm_curated,1
bylvay,odevixibat,salt_hydrate_resolution,llm_curated,1
cabotegravir sodium,cabotegravir,salt_hydrate_resolution,llm_curated,1
calcium levofolinate pentahydrate,levoleucovorin,salt_hydrate_resolution,llm_curated,1
camostat mesilate,camostat,salt_hydrate_resolution,llm_curated,1
camostat mesylate,camostat,salt_hydrate_resolution,llm_curated,1
canfosfamide hcl,canfosfamide,salt_hydrate_resolution,llm_curated,1
cangrelor tetrasodium,cangrelor,salt_hydrate_resolution,llm_curated,1
capsicum oleoresin,capsicum,salt_hydrate_resolution,llm_curated,1
cariprazine hcl,cariprazine,salt_hydrate_resolution,llm_curated,1
cariprazine hydrochloride,cariprazine,salt_hydrate_resolution,llm_curated,1
carphenazine,carphenazine,salt_hydrate_resolution,llm_curated,1
caspofungin diacetate,caspofungin,salt_hydrate_resolution,llm_curated,1
cb-01-11,rifamycin,salt_hydrate_resolution,llm_curated,1
cc-220,iberdomide,salt_hydrate_resolution,llm_curated,1
cefazolin sodium,cefazolin,salt_hydrate_resolution,llm_curated,1
cefepime dihydrochloride monohydrate,cefepime,salt_hydrate_resolution,llm_curated,1
cefepime hydrochloride,cefepime,salt_hydrate_resolution,llm_curated,1
cefotaxime sodium,cefotaxime,salt_hydrate_resolution,llm_curated,1
ceftobiprole,ceftobiprole,salt_hydrate_resolution,llm_curated,1
ceftobiprole medocaril sodium,ceftobiprole medocaril,salt_hydrate_resolution,llm_curated,1
ceftriaxone sodium,ceftriaxone,salt_hydrate_resolution,llm_curated,1
cefuroxime,cefuroxime,salt_hydrate_resolution,llm_curated,1
cefuroxime sodium,cefuroxime,salt_hydrate_resolution,llm_curated,1
celestone,betamethasone,salt_hydrate_resolution,llm_curated,1
cerdelga,eliglustat tartrate,salt_hydrate_resolution,llm_curated,1
certifect,amitraz,salt_hydrate_resolution,llm_curated,1
cetirizine dihydrochloride,cetirizine,salt_hydrate_resolution,llm_curated,1
cetraxal,ciprofloxacin,salt_hydrate_resolution,llm_curated,1
cetrorelix,cetrorelix,salt_hydrate_resolution,llm_curated,1
cetrorelix acetate,cetrorelix,salt_hydrate_resolution,llm_curated,1
cetylpyridinium chloride,cetylpyridinium,salt_hydrate_resolution,llm_curated,1
cg-315e,tramadol,salt_hydrate_resolution,llm_curated,1
champix,varenicline,salt_hydrate_resolution,llm_curated,1
chir-258,dovitinib,salt_hydrate_resolution,llm_curated,1
chlorhexidine digluconate,chlorhexidine,salt_hydrate_resolution,llm_curated,1
chlorhexidine gluconate,chlorhexidine,salt_hydrate_resolution,llm_curated,1
chloromycetin,chloramphenicol,salt_hydrate_resolution,llm_curated,1
chloroprocaine hydrochloride,chloroprocaine,salt_hydrate_resolution,llm_curated,1
chlorphenamine maleate,chlorpheniramine,salt_hydrate_resolution,llm_curated,1
chondroitin sulfate,chondroitin sulfate,salt_hydrate_resolution,llm_curated,1
chondroitin sulfate sodium,chondroitin sulfate,salt_hydrate_resolution,llm_curated,1
ciclofosfamida,cyclophosphamide,salt_hydrate_resolution,llm_curated,1
ciclopirox olamine,ciclopirox,salt_hydrate_resolution,llm_curated,1
cilastatin sodium,cilastatin,salt_hydrate_resolution,llm_curated,1
cipro,ciprofloxacin,salt_hydrate_resolution,llm_curated,1
ciprofloxacin hydrochloride,ciprofloxacin,salt_hydrate_resolution,llm_curated,1
ciprofloxacin hydrochloride monohydrate,ciprofloxacin,salt_hydrate_resolution,llm_curated,1
ciproxin,ciprofloxacin,salt_hydrate_resolution,llm_curated,1
cisatracurium besilate,cisatracurium,salt_hydrate_resolution,llm_curated,1
citalopram hbr,citalopram,salt_hydrate_resolution,llm_curated,1
citalopram hydrobromide,citalopram,salt_hydrate_resolution,llm_curated,1
citicoline,citicoline,salt_hydrate_resolution,llm_curated,1
"cl 297,939",bisoprolol,salt_hydrate_resolution,llm_curated,1
clemastine hydrogen fumarate,clemastine,salt_hydrate_resolution,llm_curated,1
clenbuterol hydrochloride,clenbuterol,salt_hydrate_resolution,llm_curated,1
clindamycin hydrochloride,clindamycin,salt_hydrate_resolution,llm_curated,1
clindamycin palmitate hydrochloride,clindamycin,salt_hydrate_resolution,llm_curated,1
clindamycin phosphate,clindamycin,salt_hydrate_resolution,llm_curated,1
clobetasol,clobetasol,salt_hydrate_resolution,llm_curated,1
clomicalm,clomipramine,salt_hydrate_resolution,llm_curated,1
clomifene citrate,clomiphene,salt_hydrate_resolution,llm_curated,1
clonidine hcl,clonidine,salt_hydrate_resolution,llm_curated,1
clonidine hydrochloride,clonidine,salt_hydrate_resolution,llm_curated,1
clopidogrel 1a pharma,clopidogrel,salt_hydrate_resolution,llm_curated,1
clopidogrel acino,clopidogrel,salt_hydrate_resolution,llm_curated,1
clopidogrel acino pharma,clopidogrel,salt_hydrate_resolution,llm_curated,1
clopidogrel acino pharma gmbh,clopidogrel,salt_hydrate_resolution,llm_curated,1
clopidogrel hexal,clopidogrel,salt_hydrate_resolution,llm_curated,1
clopidogrel ratiopharm gmbh,clopidogrel,salt_hydrate_resolution,llm_curated,1
clopidogrel sandoz,clopidogrel,salt_hydrate_resolution,llm_curated,1
clopidogrel teva pharma,clopidogrel,salt_hydrate_resolution,llm_curated,1
clopidogrel zentiva (previously clopidogrel winthrop),clopidogrel,salt_hydrate_resolution,llm_curated,1
clorazepate dipotassique,clorazepate,salt_hydrate_resolution,llm_curated,1
cloxacillin sodium,cloxacillin,salt_hydrate_resolution,llm_curated,1
cobitolimod,cobitolimod,salt_hydrate_resolution,llm_curated,1
cocaine hcl,cocaine,salt_hydrate_resolution,llm_curated,1
codeine phosphate,codeine,salt_hydrate_resolution,llm_curated,1
codeine phosphate hemihydrate,codeine,salt_hydrate_resolution,llm_curated,1
colesevelam hcl,colesevelam,salt_hydrate_resolution,llm_curated,1
colesevelam hydrochloride,colesevelam,salt_hydrate_resolution,llm_curated,1
colistin sulfate,colistin,salt_hydrate_resolution,llm_curated,1
colistin sulphate,colistin,salt_hydrate_resolution,llm_curated,1
conbriza,bazedoxifene,salt_hydrate_resolution,llm_curated,1
controloc control,pantoprazole,salt_hydrate_resolution,llm_curated,1
convenia,cefovecin,salt_hydrate_resolution,llm_curated,1
copiktra,duvelisib,salt_hydrate_resolution,llm_curated,1
cortef,hydrocortisone,salt_hydrate_resolution,llm_curated,1
cortisone,cortisone,salt_hydrate_resolution,llm_curated,1
cortisone acetate,cortisone,salt_hydrate_resolution,llm_curated,1
cortril,hydrocortisone,salt_hydrate_resolution,llm_curated,1
cotellic,cobimetinib fumarate,salt_hydrate_resolution,llm_curated,1
crenolanib besylate,crenolanib,salt_hydrate_resolution,llm_curated,1
crixivan,indinavir sulfate,salt_hydrate_resolution,llm_curated,1
cufence,trientine hydrochloride,salt_hydrate_resolution,llm_curated,1
cymbalta,duloxetine,salt_hydrate_resolution,llm_curated,1
cystadane,betaine,salt_hydrate_resolution,llm_curated,1
cysteamine bitartrate,cysteamine,salt_hydrate_resolution,llm_curated,1
cysteamine hydrochloride,cysteamine,salt_hydrate_resolution,llm_curated,1
cyt387,momelotinib,salt_hydrate_resolution,llm_curated,1
cytovene,ganciclovir,salt_hydrate_resolution,llm_curated,1
dabigatran etexilate accord,dabigatran etexilate mesilate,salt_hydrate_resolution,llm_curated,1
dabrafenib mesylate,dabrafenib,salt_hydrate_resolution,llm_curated,1
daclatasvir dihydrochloride,daclatasvir,salt_hydrate_resolution,llm_curated,1
dantrolen,dantrolene,salt_hydrate_resolution,llm_curated,1
daquiran,pramipexole dihydrochloride,salt_hydrate_resolution,llm_curated,1
darunavir ethanolate,darunavir,salt_hydrate_resolution,llm_curated,1
dasabuvir sodium monohydrate,dasabuvir,salt_hydrate_resolution,llm_curated,1
dasatinib accord,dasatinib,salt_hydrate_resolution,llm_curated,1
dasatinib accord healthcare,dasatinib,salt_hydrate_resolution,llm_curated,1
dasatinib accordpharma,dasatinib,salt_hydrate_resolution,llm_curated,1
dcfpyl,piflufolastat,salt_hydrate_resolution,llm_curated,1
decadron,dexamethasone,salt_hydrate_resolution,llm_curated,1
dectancyl,dexamethasone,salt_hydrate_resolution,llm_curated,1
dectova,zanamivir,salt_hydrate_resolution,llm_curated,1
deferoxamine mesilate,deferoxamine,salt_hydrate_resolution,llm_curated,1
defitelio,defibrotide,salt_hydrate_resolution,llm_curated,1
degarelix acetate,degarelix,salt_hydrate_resolution,llm_curated,1
delafloxacin meglumine,delafloxacin,salt_hydrate_resolution,llm_curated,1
desferrioxamine mesilate,deferoxamine,salt_hydrate_resolution,llm_curated,1
desmopressin acetate,desmopressin,salt_hydrate_resolution,llm_curated,1
desmopressin acetate trihydrate,desmopressin,salt_hydrate_resolution,llm_curated,1
desvenlafaxine succinate,desvenlafaxine,salt_hydrate_resolution,llm_curated,1
deuruxolitinib phosphate,deuruxolitinib,salt_hydrate_resolution,llm_curated,1
dextran,dextran,salt_hydrate_resolution,llm_curated,1
dextran 40,dextran,salt_hydrate_resolution,llm_curated,1
dextropropoxyphene,propoxyphene,salt_hydrate_resolution,llm_curated,1
diamox,acetazolamide,salt_hydrate_resolution,llm_curated,1
diclofenac diethylamine,diclofenac,salt_hydrate_resolution,llm_curated,1
diclofenac diethylammonium,diclofenac,salt_hydrate_resolution,llm_curated,1
diclofenac epolamine,diclofenac,salt_hydrate_resolution,llm_curated,1
diclofenac epolaminum,diclofenac,salt_hydrate_resolution,llm_curated,1
diclofenac potassium,diclofenac,salt_hydrate_resolution,llm_curated,1
diclofenac-sodium,diclofenac,salt_hydrate_resolution,llm_curated,1
dilantin,phenytoin,salt_hydrate_resolution,llm_curated,1
dimethisterone,dimethisterone,salt_hydrate_resolution,llm_curated,1
dimetindene maleate,dimethindene,salt_hydrate_resolution,llm_curated,1
diphenhydramine hydrochloride,diphenhydramine,salt_hydrate_resolution,llm_curated,1
diractin,ketoprofen,salt_hydrate_resolution,llm_curated,1
diroximel fumarate,diroximel fumarate,salt_hydrate_resolution,llm_curated,1
diuril,chlorothiazide,salt_hydrate_resolution,llm_curated,1
dobutamine hydrochloride,dobutamine,salt_hydrate_resolution,llm_curated,1
docefrez,docetaxel,salt_hydrate_resolution,llm_curated,1
docetaxel kabi,docetaxel,salt_hydrate_resolution,llm_curated,1
docetaxel mylan,docetaxel,salt_hydrate_resolution,llm_curated,1
docetaxel teva pharma,docetaxel,salt_hydrate_resolution,llm_curated,1
docusate sodium,docusate,salt_hydrate_resolution,llm_curated,1
dolutegravir sodium,dolutegravir,salt_hydrate_resolution,llm_curated,1
donepezil hydrochloride,donepezil,salt_hydrate_resolution,llm_curated,1
dopamine hcl,dopamine,salt_hydrate_resolution,llm_curated,1
dopamine hydrochloride,dopamine,salt_hydrate_resolution,llm_curated,1
doribax,doripenem,salt_hydrate_resolution,llm_curated,1
doripenem monohydrate,doripenem,salt_hydrate_resolution,llm_curated,1
dorzolamide hydrochloride,dorzolamide,salt_hydrate_resolution,llm_curated,1
"dov 216,419",centanafadine,salt_hydrate_resolution,llm_curated,1
dov 21947,amitifadine,salt_hydrate_resolution,llm_curated,1
dovato,dolutegravir sodium,salt_hydrate_resolution,llm_curated,1
doxazosin mesilate,doxazosin,salt_hydrate_resolution,llm_curated,1
doxorubicini hydrochloridum,doxorubicin,salt_hydrate_resolution,llm_curated,1
doxycycline hyclate,doxycycline,salt_hydrate_resolution,llm_curated,1
dronedarone hydrochloride,dronedarone,salt_hydrate_resolution,llm_curated,1
drotrecogin alfa activated,drotrecogin alfa,salt_hydrate_resolution,llm_curated,1
duavive,bazedoxifene acetate,salt_hydrate_resolution,llm_curated,1
duloxetine boehringer ingelheim,duloxetine,salt_hydrate_resolution,llm_curated,1
duloxetine lilly,duloxetine,salt_hydrate_resolution,llm_curated,1
duloxetine zentiva,duloxetine,salt_hydrate_resolution,llm_curated,1
duoresp spiromax,budesonide,salt_hydrate_resolution,llm_curated,1
dutogliptin tartrate,dutogliptin,salt_hydrate_resolution,llm_curated,1
duvyzat,givinostat hydrochloride,salt_hydrate_resolution,llm_curated,1
e5555,atopaxar,salt_hydrate_resolution,llm_curated,1
eb-1020,centanafadine,salt_hydrate_resolution,llm_curated,1
ebilfumin,oseltamivir,salt_hydrate_resolution,llm_curated,1
econazole nitrate,econazole,salt_hydrate_resolution,llm_curated,1
ecopipam hcl,ecopipam,salt_hydrate_resolution,llm_curated,1
edistride,dapagliflozin propanediol,salt_hydrate_resolution,llm_curated,1
edurant,rilpivirine,salt_hydrate_resolution,llm_curated,1
effentora,fentanyl,salt_hydrate_resolution,llm_curated,1
efient,prasugrel,salt_hydrate_resolution,llm_curated,1
eflornithine hydrochloride,eflornithine,salt_hydrate_resolution,llm_curated,1
elagolix sodium,elagolix,salt_hydrate_resolution,llm_curated,1
ellaone,ulipristal,salt_hydrate_resolution,llm_curated,1
elvorine,levoleucovorin,salt_hydrate_resolution,llm_curated,1
emd 1195686,safinamide,salt_hydrate_resolution,llm_curated,1
emixustat hydrochloride,emixustat,salt_hydrate_resolution,llm_curated,1
enalapril maleate,enalapril maleate,salt_hydrate_resolution,llm_curated,1
entecavir monohydrate,entecavir,salt_hydrate_resolution,llm_curated,1
entecavir viatris (previously entecavir mylan),entecavir,salt_hydrate_resolution,llm_curated,1
enviage,aliskiren,salt_hydrate_resolution,llm_curated,1
enzepi,pancreas powder,salt_hydrate_resolution,llm_curated,1
ephedrine hcl,ephedrine,salt_hydrate_resolution,llm_curated,1
ephedrine hydrochloride,ephedrine,salt_hydrate_resolution,llm_curated,1
erelib,eslicarbazepine,salt_hydrate_resolution,llm_curated,1
ertugliflozin,ertugliflozin,salt_hydrate_resolution,llm_curated,1
erythromycin lactobionate,erythromycin,salt_hydrate_resolution,llm_curated,1
esketamine hydrochloride,esketamine,salt_hydrate_resolution,llm_curated,1
esomeprazole magnesium,esomeprazole,salt_hydrate_resolution,llm_curated,1
esomeprazole magnesium trihydrate,esomeprazole,salt_hydrate_resolution,llm_curated,1
esomeprazole sodium,esomeprazole,salt_hydrate_resolution,llm_curated,1
evotopin,topotecan,salt_hydrate_resolution,llm_curated,1
evp-6124,encenicline,salt_hydrate_resolution,llm_curated,1
exelon,rivastigmine,salt_hydrate_resolution,llm_curated,1
exkivity,mobocertinib,salt_hydrate_resolution,llm_curated,1
extavia,interferon beta,salt_hydrate_resolution,llm_curated,1
exviera,dasabuvir sodium,salt_hydrate_resolution,llm_curated,1
f2695,levomilnacipran,salt_hydrate_resolution,llm_curated,1
fabhalta,iptacopan hydrochloride,salt_hydrate_resolution,llm_curated,1
fareston,toremifene,salt_hydrate_resolution,llm_curated,1
farmorubicina,epirubicin,salt_hydrate_resolution,llm_curated,1
"fbs0701, spd602",deferitazole,salt_hydrate_resolution,llm_curated,1
fentanyl hcl,fentanyl,salt_hydrate_resolution,llm_curated,1
ferumoxtran-10,ferumoxtran,salt_hydrate_resolution,llm_curated,1
fexeric,ferric citrate,salt_hydrate_resolution,llm_curated,1
fingolimod,fingolimod,salt_hydrate_resolution,llm_curated,1
fingolimod mylan,fingolimod,salt_hydrate_resolution,llm_curated,1
finlee,dabrafenib mesilate,salt_hydrate_resolution,llm_curated,1
firazyr,icatibant,salt_hydrate_resolution,llm_curated,1
firdapse (previously zenas),amifampridine,salt_hydrate_resolution,llm_curated,1
firmagon,degarelix,salt_hydrate_resolution,llm_curated,1
flecainide acetate,flecainide,salt_hydrate_resolution,llm_curated,1
florbetaben,florbetaben,salt_hydrate_resolution,llm_curated,1
florbetapir,florbetapir,salt_hydrate_resolution,llm_curated,1
flortaucipir,flortaucipir,salt_hydrate_resolution,llm_curated,1
fludrocortisona,fludrocortisone,salt_hydrate_resolution,llm_curated,1
fludrocortisone acetate,fludrocortisone,salt_hydrate_resolution,llm_curated,1
fluocinolone,fluocinolone,salt_hydrate_resolution,llm_curated,1
fluorescein lisicol,fluorescein,salt_hydrate_resolution,llm_curated,1
fluoxetine hydrochloride,fluoxetine,salt_hydrate_resolution,llm_curated,1
flurazepam,flurazepam,salt_hydrate_resolution,llm_curated,1
fluvastatin sodium,fluvastatin,salt_hydrate_resolution,llm_curated,1
fluvoxamine maleate,fluvoxamine,salt_hydrate_resolution,llm_curated,1
follicle stimulating hormone,follitropin,salt_hydrate_resolution,llm_curated,1
forodesine hydrochloride,forodesine,salt_hydrate_resolution,llm_curated,1
forxiga,dapagliflozin propanediol,salt_hydrate_resolution,llm_curated,1
fosaprepitant dimeglumine,fosaprepitant,salt_hydrate_resolution,llm_curated,1
fosfomycin disodium,fosfomycin,salt_hydrate_resolution,llm_curated,1
fosfomycin sodium,fosfomycin,salt_hydrate_resolution,llm_curated,1
fosfomycin trometamol,fosfomycin,salt_hydrate_resolution,llm_curated,1
fotivda,tivozanib,salt_hydrate_resolution,llm_curated,1
fty720,fingolimod,salt_hydrate_resolution,llm_curated,1
gabapentin enacarbil,gabapentin,salt_hydrate_resolution,llm_curated,1
gabitril,tiagabine,salt_hydrate_resolution,llm_curated,1
gadofosveset,gadofosveset,salt_hydrate_resolution,llm_curated,1
galafold,migalastat,salt_hydrate_resolution,llm_curated,1
galantamine hydrobromide,galantamine,salt_hydrate_resolution,llm_curated,1
ganciclovir sodium,ganciclovir,salt_hydrate_resolution,llm_curated,1
garenoxacin,garenoxacin,salt_hydrate_resolution,llm_curated,1
genasense,oblimersen,salt_hydrate_resolution,llm_curated,1
gentamicin sulfate,gentamicin,salt_hydrate_resolution,llm_curated,1
gentamicin sulphate,gentamicin,salt_hydrate_resolution,llm_curated,1
geodon,ziprasidone mesylate,salt_hydrate_resolution,llm_curated,1
gilotrif,afatinib,salt_hydrate_resolution,llm_curated,1
giotrif,afatinib,salt_hydrate_resolution,llm_curated,1
givlaari,givosiran,salt_hydrate_resolution,llm_curated,1
glucagen,glucagon,salt_hydrate_resolution,llm_curated,1
glucagon hydrochloride,glucagon,salt_hydrate_resolution,llm_curated,1
glucosamine hydrochloride,glucosamine,salt_hydrate_resolution,llm_curated,1
glucosamine sulfate,glucosamine,salt_hydrate_resolution,llm_curated,1
glucosamine sulfate potassium chloride,glucosamine,salt_hydrate_resolution,llm_curated,1
gmi-1070,rivipansel,salt_hydrate_resolution,llm_curated,1
granisetron hydrochloride,granisetron,salt_hydrate_resolution,llm_curated,1
granudoxy,doxycycline,salt_hydrate_resolution,llm_curated,1
grn163l,imetelstat,salt_hydrate_resolution,llm_curated,1
gs-9883,bictegravir,salt_hydrate_resolution,llm_curated,1
gs-9883-01,bictegravir,salt_hydrate_resolution,llm_curated,1
gsk1349572a,dolutegravir,salt_hydrate_resolution,llm_curated,1
gsk3640254d,fipravirimat,salt_hydrate_resolution,llm_curated,1
gsk557296b,epelsiban,salt_hydrate_resolution,llm_curated,1
haloperidol decanoate,haloperidol,salt_hydrate_resolution,llm_curated,1
hemabate,carboprost,salt_hydrate_resolution,llm_curated,1
heparine sodique,heparin,salt_hydrate_resolution,llm_curated,1
hepcludex,bulevirtide,salt_hydrate_resolution,llm_curated,1
hexadrol,dexamethasone,salt_hydrate_resolution,llm_curated,1
hexaminolevulinate hydrochloride,hexaminolevulinate,salt_hydrate_resolution,llm_curated,1
hl 275,alvocidib,salt_hydrate_resolution,llm_curated,1
hmr 1275,alvocidib,salt_hydrate_resolution,llm_curated,1
htf 919,tegaserod,salt_hydrate_resolution,llm_curated,1
huj591-gs,j591,salt_hydrate_resolution,llm_curated,1
human coagulation factor ix,coagulation factor ix,salt_hydrate_resolution,llm_curated,1
human coagulation factor x,coagulation factor x,salt_hydrate_resolution,llm_curated,1
hydralazine hydrochloride,hydralazine,salt_hydrate_resolution,llm_curated,1
hydrocortisone acetate,hydrocortisone,salt_hydrate_resolution,llm_curated,1
hydrocortisone butyrate,hydrocortisone,salt_hydrate_resolution,llm_curated,1
hydrocortisone sodium phosphate,hydrocortisone,salt_hydrate_resolution,llm_curated,1
hydrocortisone sodium succinate,hydrocortisone,salt_hydrate_resolution,llm_curated,1
hydrocortisone-17-butyrate,hydrocortisone,salt_hydrate_resolution,llm_curated,1
hydrocortisoni acetas,hydrocortisone,salt_hydrate_resolution,llm_curated,1
hydroxychloroquine sulfate,hydroxychloroquine,salt_hydrate_resolution,llm_curated,1
hydroxychloroquine sulphate,hydroxychloroquine,salt_hydrate_resolution,llm_curated,1
hydroxyethyl starch 130,hydroxyethyl starch,salt_hydrate_resolution,llm_curated,1
hydroxyprogesterone,hydroxyprogesterone,salt_hydrate_resolution,llm_curated,1
hydroxyzine hydrochloride,hydroxyzine,salt_hydrate_resolution,llm_curated,1
hyoscine hydrobromide,scopolamine,salt_hydrate_resolution,llm_curated,1
ibuprofen lysinate,ibuprofen,salt_hydrate_resolution,llm_curated,1
ibuprofen lysine,ibuprofen,salt_hydrate_resolution,llm_curated,1
ibuprofen sodium dihydrate,ibuprofen,salt_hydrate_resolution,llm_curated,1
ibutamoren mesilate,ibutamoren,salt_hydrate_resolution,llm_curated,1
ibutamoren mesylate,ibutamoren,salt_hydrate_resolution,llm_curated,1
idrabiotaparinux,idrabiotaparinux,salt_hydrate_resolution,llm_curated,1
iloprost trometamol,iloprost,salt_hydrate_resolution,llm_curated,1
imatinib accord,imatinib,salt_hydrate_resolution,llm_curated,1
imatinib actavis,imatinib,salt_hydrate_resolution,llm_curated,1
imatinib koanaa,imatinib mesilate,salt_hydrate_resolution,llm_curated,1
imatinib medac,imatinib,salt_hydrate_resolution,llm_curated,1
imatinib teva,imatinib,salt_hydrate_resolution,llm_curated,1
imatinib teva b.v.,imatinib mesilate,salt_hydrate_resolution,llm_curated,1
imciromab,imciromab,salt_hydrate_resolution,llm_curated,1
imcivree,setmelanotide,salt_hydrate_resolution,llm_curated,1
imitrex,sumatriptan,salt_hydrate_resolution,llm_curated,1
imuran,azathioprine,salt_hydrate_resolution,llm_curated,1
indinavir sulfate,indinavir,salt_hydrate_resolution,llm_curated,1
indocin,indomethacin,salt_hydrate_resolution,llm_curated,1
indomethacin sodium trihydrate,indomethacin,salt_hydrate_resolution,llm_curated,1
inno-206,aldoxorubicin,salt_hydrate_resolution,llm_curated,1
inpremzia,insulin human,salt_hydrate_resolution,llm_curated,1
insulatard,insulin human,salt_hydrate_resolution,llm_curated,1
interferon alfa natural,interferon,salt_hydrate_resolution,llm_curated,1
interferon gamma,interferon,salt_hydrate_resolution,llm_curated,1
intrastigmina,neostigmine,salt_hydrate_resolution,llm_curated,1
intuniv,guanfacine,salt_hydrate_resolution,llm_curated,1
invirase,saquinavir,salt_hydrate_resolution,llm_curated,1
ioa,nomegestrol acetate,salt_hydrate_resolution,llm_curated,1
iobenguane,iobenguane,salt_hydrate_resolution,llm_curated,1
ion-957943,fesomersen,salt_hydrate_resolution,llm_curated,1
iopidine,apraclonidine,salt_hydrate_resolution,llm_curated,1
ipi-504,retaspimycin,salt_hydrate_resolution,llm_curated,1
ipp 201101,forigerimod,salt_hydrate_resolution,llm_curated,1
iptacopan hydrochloride,iptacopan,salt_hydrate_resolution,llm_curated,1
isavuconazonium sulfate,isavuconazonium,salt_hydrate_resolution,llm_curated,1
iscover,clopidogrel,salt_hydrate_resolution,llm_curated,1
isentress,raltegravir,salt_hydrate_resolution,llm_curated,1
isis 301012,mipomersen,salt_hydrate_resolution,llm_curated,1
isis 304801,volanesorsen,salt_hydrate_resolution,llm_curated,1
isoprenaline hydrochloride,isoproterenol,salt_hydrate_resolution,llm_curated,1
itacitinib adipate,itacitinib,salt_hydrate_resolution,llm_curated,1
ivabradine anpharm,ivabradine,salt_hydrate_resolution,llm_curated,1
ivabradine hydrochloride,ivabradine,salt_hydrate_resolution,llm_curated,1
ivemend,fosaprepitant,salt_hydrate_resolution,llm_curated,1
januvia,sitagliptin,salt_hydrate_resolution,llm_curated,1
javlor,vinflunine,salt_hydrate_resolution,llm_curated,1
jnj-38518168,toreforant,salt_hydrate_resolution,llm_curated,1
kapruvia,difelikefalin,salt_hydrate_resolution,llm_curated,1
kc8857,tedisamil,salt_hydrate_resolution,llm_curated,1
kenacort,triamcinolone,salt_hydrate_resolution,llm_curated,1
kengrexal,cangrelor,salt_hydrate_resolution,llm_curated,1
ketalar,ketamine,salt_hydrate_resolution,llm_curated,1
ketamine hydrochloride,ketamine,salt_hydrate_resolution,llm_curated,1
ketanest s,esketamine,salt_hydrate_resolution,llm_curated,1
ketoprofen lysine salt,ketoprofen,salt_hydrate_resolution,llm_curated,1
ketorolac trometamol,ketorolac,salt_hydrate_resolution,llm_curated,1
ketorolac tromethamine,ketorolac,salt_hydrate_resolution,llm_curated,1
kinpeygo,budesonide,salt_hydrate_resolution,llm_curated,1
l 86 8275,alvocidib,salt_hydrate_resolution,llm_curated,1
l-arginine hydrochloride,arginine,salt_hydrate_resolution,llm_curated,1
la-6023,metformin,salt_hydrate_resolution,llm_curated,1
laam,levomethadyl acetate,salt_hydrate_resolution,llm_curated,1
labetalol hydrochloride,labetalol,salt_hydrate_resolution,llm_curated,1
lamisil,terbinafine,salt_hydrate_resolution,llm_curated,1
lamisil at,terbinafine,salt_hydrate_resolution,llm_curated,1
landiolol hydrochloride,landiolol,salt_hydrate_resolution,llm_curated,1
lanreotide acetate,lanreotide,salt_hydrate_resolution,llm_curated,1
larotrectinib,larotrectinib,salt_hydrate_resolution,llm_curated,1
lasofoxifene,lasofoxifene,salt_hydrate_resolution,llm_curated,1
latanoprostene bunod,latanoprost,salt_hydrate_resolution,llm_curated,1
latuda,lurasidone,salt_hydrate_resolution,llm_curated,1
lenacapavir,lenacapavir,salt_hydrate_resolution,llm_curated,1
leqvio,inclisiran,salt_hydrate_resolution,llm_curated,1
leritine,anileridine phosphate,salt_hydrate_resolution,llm_curated,1
levamisole hydrochloride,levamisole,salt_hydrate_resolution,llm_curated,1
levaxin,levothyroxine,salt_hydrate_resolution,llm_curated,1
levitra,vardenafil,salt_hydrate_resolution,llm_curated,1
levocabastine hydrochloride,levocabastine,salt_hydrate_resolution,llm_curated,1
levocetirizine dihydrochloride,levocetirizine,salt_hydrate_resolution,llm_curated,1
levothyroxine sodique,levothyroxine,salt_hydrate_resolution,llm_curated,1
levothyroxine sodium,levothyroxine,salt_hydrate_resolution,llm_curated,1
lidocaine hydrochloride monohydrate,lidocaine,salt_hydrate_resolution,llm_curated,1
lidocaini hydrochloridum,lidocaine,salt_hydrate_resolution,llm_curated,1
liothyronine hydrochloride,liothyronine,salt_hydrate_resolution,llm_curated,1
liothyronine sodium,liothyronine,salt_hydrate_resolution,llm_curated,1
lipitor,atorvastatin,salt_hydrate_resolution,llm_curated,1
lithium citrate,lithium,salt_hydrate_resolution,llm_curated,1
lmwd,dextran,salt_hydrate_resolution,llm_curated,1
lodipressin,amlodipine besilate,salt_hydrate_resolution,llm_curated,1
lofexidine hydrochloride,lofexidine,salt_hydrate_resolution,llm_curated,1
lojuxta,lomitapide,salt_hydrate_resolution,llm_curated,1
loperamide hydrochloride,loperamide,salt_hydrate_resolution,llm_curated,1
lopressor,metoprolol fumarate,salt_hydrate_resolution,llm_curated,1
losartan potassium,losartan,salt_hydrate_resolution,llm_curated,1
loteprednol,loteprednol,salt_hydrate_resolution,llm_curated,1
loxen,nicardipine,salt_hydrate_resolution,llm_curated,1
lumateperone tosylate,lumateperone,salt_hydrate_resolution,llm_curated,1
lupuzor,forigerimod,salt_hydrate_resolution,llm_curated,1
lurasidone hcl,lurasidone,salt_hydrate_resolution,llm_curated,1
lurasidone hydrochloride,lurasidone,salt_hydrate_resolution,llm_curated,1
lyfnua,gefapixant,salt_hydrate_resolution,llm_curated,1
lytenava,bevacizumab,salt_hydrate_resolution,llm_curated,1
macimorelin acetate,macimorelin,salt_hydrate_resolution,llm_curated,1
macrilen,macimorelin,salt_hydrate_resolution,llm_curated,1
macugen,pegaptanib,salt_hydrate_resolution,llm_curated,1
magnesium acetate tetrahydrate,magnesium acetate,salt_hydrate_resolution,llm_curated,1
manidipine,manidipine,salt_hydrate_resolution,llm_curated,1
mantadix,amantadine,salt_hydrate_resolution,llm_curated,1
masican,masitinib,salt_hydrate_resolution,llm_curated,1
masivet,masitinib mesilate,salt_hydrate_resolution,llm_curated,1
masiviera,masitinib,salt_hydrate_resolution,llm_curated,1
maxalt,rizatriptan,salt_hydrate_resolution,llm_curated,1
maxidex,dexamethasone,salt_hydrate_resolution,llm_curated,1
mayzent,siponimod,salt_hydrate_resolution,llm_curated,1
mdl-107826a,alvocidib,salt_hydrate_resolution,llm_curated,1
mecamylamine hydrochloride,mecamylamine,salt_hydrate_resolution,llm_curated,1
medroxiprogesterona,medroxyprogesterone,salt_hydrate_resolution,llm_curated,1
medroxyprogesterone,medroxyprogesterone,salt_hydrate_resolution,llm_curated,1
mekinist,trametinib,salt_hydrate_resolution,llm_curated,1
mepivacaine hydrochloride,mepivacaine,salt_hydrate_resolution,llm_curated,1
mercaptamine bitartrate,cysteamine,salt_hydrate_resolution,llm_curated,1
methacholine chloride,methacholine,salt_hydrate_resolution,llm_curated,1
methadone hydrochloride,methadone,salt_hydrate_resolution,llm_curated,1
methanthelinium bromide,methantheline,salt_hydrate_resolution,llm_curated,1
methylphenidate hcl,methylphenidate,salt_hydrate_resolution,llm_curated,1
metoclopramide hydrochloride,metoclopramide,salt_hydrate_resolution,llm_curated,1
metoprolol succinate,metoprolol,salt_hydrate_resolution,llm_curated,1
metoprolol tartrate,metoprolol,salt_hydrate_resolution,llm_curated,1
mgso4,magnesium sulfate,salt_hydrate_resolution,llm_curated,1
miconazole nitrate,miconazole,salt_hydrate_resolution,llm_curated,1
midodrine hydrochloride,midodrine,salt_hydrate_resolution,llm_curated,1
migalastat hydrochloride,migalastat,salt_hydrate_resolution,llm_curated,1
milnacipran hydrochloride,milnacipran,salt_hydrate_resolution,llm_curated,1
milrinone lactate,milrinone,salt_hydrate_resolution,llm_curated,1
mirapexin,pramipexole dihydrochloride,salt_hydrate_resolution,llm_curated,1
mk-4827,niraparib,salt_hydrate_resolution,llm_curated,1
molidustat,molidustat,salt_hydrate_resolution,llm_curated,1
monistat,miconazole,salt_hydrate_resolution,llm_curated,1
monotard,insulin human,salt_hydrate_resolution,llm_curated,1
morphine chlorhydrate,morphine,salt_hydrate_resolution,llm_curated,1
morphine hcl,morphine,salt_hydrate_resolution,llm_curated,1
morphine hydrochloride,morphine,salt_hydrate_resolution,llm_curated,1
morphine hydrochloride trihydrate,morphine,salt_hydrate_resolution,llm_curated,1
morphine sulphate,morphine,salt_hydrate_resolution,llm_curated,1
morphine sulphate pentahydrate,morphine,salt_hydrate_resolution,llm_curated,1
morphinhydrochlorid,morphine,salt_hydrate_resolution,llm_curated,1
motesanib diphosphate,motesanib,salt_hydrate_resolution,llm_curated,1
moventig,naloxegol,salt_hydrate_resolution,llm_curated,1
moxifloxacin hydrochloride,moxifloxacin,salt_hydrate_resolution,llm_curated,1
msc-1936369b,pimasertib,salt_hydrate_resolution,llm_curated,1
msc2156119j,tepotinib,salt_hydrate_resolution,llm_curated,1
mt-4129,lorundrostat,salt_hydrate_resolution,llm_curated,1
mtp 131,elamipretide,salt_hydrate_resolution,llm_curated,1
multaq,dronedarone,salt_hydrate_resolution,llm_curated,1
mupirocin calcium,mupirocin,salt_hydrate_resolution,llm_curated,1
mycamine,micafungin,salt_hydrate_resolution,llm_curated,1
mysildecard,sildenafil,salt_hydrate_resolution,llm_curated,1
mysimba,bupropion hydrochloride,salt_hydrate_resolution,llm_curated,1
nafamostat mesilate,nafamostat,salt_hydrate_resolution,llm_curated,1
nafamostat mesylate,nafamostat,salt_hydrate_resolution,llm_curated,1
nafarelin acetate,nafarelin,salt_hydrate_resolution,llm_curated,1
nalbuphine hydrochloride,nalbuphine,salt_hydrate_resolution,llm_curated,1
naldemedine tosylate,naldemedine,salt_hydrate_resolution,llm_curated,1
naloxegol oxalate,naloxegol,salt_hydrate_resolution,llm_curated,1
naloxone hydrochloride,naloxone,salt_hydrate_resolution,llm_curated,1
naltrexone hydrochloride,naltrexone,salt_hydrate_resolution,llm_curated,1
nandrolone,nandrolone,salt_hydrate_resolution,llm_curated,1
nandrolone decanoate,nandrolone,salt_hydrate_resolution,llm_curated,1
naproxen sodium,naproxen,salt_hydrate_resolution,llm_curated,1
naropin,ropivacaine,salt_hydrate_resolution,llm_curated,1
navane,thiothixene,salt_hydrate_resolution,llm_curated,1
nbi-98854,valbenazine,salt_hydrate_resolution,llm_curated,1
nebcin,tobramycin,salt_hydrate_resolution,llm_curated,1
nebivolol hydrochloride,nebivolol,salt_hydrate_resolution,llm_curated,1
nedosiran,nedosiran,salt_hydrate_resolution,llm_curated,1
nefopam hydrochloride,nefopam,salt_hydrate_resolution,llm_curated,1
nelfinavir mesilate,nelfinavir,salt_hydrate_resolution,llm_curated,1
nelfinavir mesylate,nelfinavir,salt_hydrate_resolution,llm_curated,1
nembutal,pentobarbital,salt_hydrate_resolution,llm_curated,1
nemdatine,memantine,salt_hydrate_resolution,llm_curated,1
neoatricon,dopamine hydrochloride,salt_hydrate_resolution,llm_curated,1
neofordex,dexamethasone,salt_hydrate_resolution,llm_curated,1
neomycin sulfate,neomycin,salt_hydrate_resolution,llm_curated,1
neostigmine methylsulfate,neostigmine,salt_hydrate_resolution,llm_curated,1
neostigmine metilsulfate,neostigmine,salt_hydrate_resolution,llm_curated,1
nerlynx,neratinib,salt_hydrate_resolution,llm_curated,1
nestorone,segesterone,salt_hydrate_resolution,llm_curated,1
nexium control,esomeprazole,salt_hydrate_resolution,llm_curated,1
nicardipine hydrochloride,nicardipine,salt_hydrate_resolution,llm_curated,1
nih-11008,dexmecamylamine,salt_hydrate_resolution,llm_curated,1
nimbex,cisatracurium,salt_hydrate_resolution,llm_curated,1
nimvastid,rivastigmine,salt_hydrate_resolution,llm_curated,1
nintedanib accord,nintedanib,salt_hydrate_resolution,llm_curated,1
nintedanib esylate,nintedanib,salt_hydrate_resolution,llm_curated,1
nirmatrelvir,nirmatrelvir,salt_hydrate_resolution,llm_curated,1
nodetrip (previously xeristar),duloxetine,salt_hydrate_resolution,llm_curated,1
nomegestrol,nomegestrol,salt_hydrate_resolution,llm_curated,1
norvasc,amlodipine,salt_hydrate_resolution,llm_curated,1
nsc-751452,dextromethorphan,salt_hydrate_resolution,llm_curated,1
nuedexta,dextromethorphan|quinidine,salt_hydrate_resolution,llm_curated,1
nulibry,fosdenopterin hydrobromide,salt_hydrate_resolution,llm_curated,1
nx-1207,fexapotide,salt_hydrate_resolution,llm_curated,1
nxl-104,avibactam,salt_hydrate_resolution,llm_curated,1
oblimersen,oblimersen,salt_hydrate_resolution,llm_curated,1
octenidine dihydrochloride,octenidine,salt_hydrate_resolution,llm_curated,1
octenidine hydrochloride,octenidine,salt_hydrate_resolution,llm_curated,1
octreolin,octreotide,salt_hydrate_resolution,llm_curated,1
ofev,nintedanib,salt_hydrate_resolution,llm_curated,1
olodaterol hydrochloride,olodaterol,salt_hydrate_resolution,llm_curated,1
olysio,simeprevir,salt_hydrate_resolution,llm_curated,1
omeprazole magnesium,omeprazole,salt_hydrate_resolution,llm_curated,1
omontys,peginesatide,salt_hydrate_resolution,llm_curated,1
ondansetron hcl,ondansetron,salt_hydrate_resolution,llm_curated,1
ondansetron hydrochloride,ondansetron,salt_hydrate_resolution,llm_curated,1
ondansetron hydrochloride dihydrate,ondansetron,salt_hydrate_resolution,llm_curated,1
onglyza,saxagliptin,salt_hydrate_resolution,llm_curated,1
opatanol,olopatadine,salt_hydrate_resolution,llm_curated,1
opium tincture,opium,salt_hydrate_resolution,llm_curated,1
oprymea,pramipexole dihydrochloride,salt_hydrate_resolution,llm_curated,1
oritavancin diphosphate,oritavancin diphosphate,salt_hydrate_resolution,llm_curated,1
orladeyo,berotralstat hydrochloride,salt_hydrate_resolution,llm_curated,1
orserdu,elacestrant,salt_hydrate_resolution,llm_curated,1
oseltamivir phosphate,oseltamivir,salt_hydrate_resolution,llm_curated,1
oxybutynin hydrochloride,oxybutynin,salt_hydrate_resolution,llm_curated,1
oxymetazoline hydrochloride,oxymetazoline,salt_hydrate_resolution,llm_curated,1
ozawade,pitolisant,salt_hydrate_resolution,llm_curated,1
palonosetron accord,palonosetron,salt_hydrate_resolution,llm_curated,1
palonosetron hcl,palonosetron,salt_hydrate_resolution,llm_curated,1
panmycin,tetracycline,salt_hydrate_resolution,llm_curated,1
pantecta control,pantoprazole,salt_hydrate_resolution,llm_curated,1
pantoloc control,pantoprazole,salt_hydrate_resolution,llm_curated,1
pantoprazole sodium,pantoprazole,salt_hydrate_resolution,llm_curated,1
pantoprazole sodium sesquihydrate,pantoprazole,salt_hydrate_resolution,llm_curated,1
pantozol control,pantoprazole,salt_hydrate_resolution,llm_curated,1
parareg,cinacalcet,salt_hydrate_resolution,llm_curated,1
parecoxib sodium,parecoxib,salt_hydrate_resolution,llm_curated,1
parlodel,bromocriptine,salt_hydrate_resolution,llm_curated,1
parnaparin sodium,parnaparin,salt_hydrate_resolution,llm_curated,1
paroxetine hydrochloride,paroxetine,salt_hydrate_resolution,llm_curated,1
paroxetine hydrochloride hemihydrate,paroxetine,salt_hydrate_resolution,llm_curated,1
pasireotide diaspartate,pasireotide,salt_hydrate_resolution,llm_curated,1
patiromer calcium,patiromer,salt_hydrate_resolution,llm_curated,1
patrex,sildenafil,salt_hydrate_resolution,llm_curated,1
pazzul,eslicarbazepine,salt_hydrate_resolution,llm_curated,1
pecfent,fentanyl,salt_hydrate_resolution,llm_curated,1
pemetrexed baxter,pemetrexed disodium,salt_hydrate_resolution,llm_curated,1
pemetrexed fresenius kabi,pemetrexed,salt_hydrate_resolution,llm_curated,1
pemetrexed krka,pemetrexed disodium,salt_hydrate_resolution,llm_curated,1
pemetrexed lilly,pemetrexed,salt_hydrate_resolution,llm_curated,1
pemetrexed medac,pemetrexed,salt_hydrate_resolution,llm_curated,1
pemetrexed pfizer (previously pemetrexed hospira),pemetrexed disodium hemipentahydrate,salt_hydrate_resolution,llm_curated,1
pemetrexed sandoz,pemetrexed disodium,salt_hydrate_resolution,llm_curated,1
pentacarinat,pentamidine,salt_hydrate_resolution,llm_curated,1
perhexiline maleate,perhexiline,salt_hydrate_resolution,llm_curated,1
pethidine hydrochloride,meperidine,salt_hydrate_resolution,llm_curated,1
petrolatum,petrolatum,salt_hydrate_resolution,llm_curated,1
pf-3512676,agatolimod,salt_hydrate_resolution,llm_curated,1
phenoxymethylpenicillin potassium,penicillin v,salt_hydrate_resolution,llm_curated,1
phenylephrine hydrochloride,phenylephrine,salt_hydrate_resolution,llm_curated,1
phenytoin sodium,phenytoin,salt_hydrate_resolution,llm_curated,1
pimavanserin tartrate,pimavanserin,salt_hydrate_resolution,llm_curated,1
pioglitazone hcl,pioglitazone,salt_hydrate_resolution,llm_curated,1
piperacillin sodium,piperacillin,salt_hydrate_resolution,llm_curated,1
piperacillin sodium salt,piperacillin,salt_hydrate_resolution,llm_curated,1
piperaquine phosphate,piperaquine,salt_hydrate_resolution,llm_curated,1
plx3397 hcl,pexidartinib,salt_hydrate_resolution,llm_curated,1
pmx30063,brilacidin,salt_hydrate_resolution,llm_curated,1
polymyxin b sulfate,polymyxin b,salt_hydrate_resolution,llm_curated,1
posiphen,buntanetap,salt_hydrate_resolution,llm_curated,1
potactasol,topotecan,salt_hydrate_resolution,llm_curated,1
potassium acetate,potassium,salt_hydrate_resolution,llm_curated,1
potassium citrate anhydrous,potassium citrate,salt_hydrate_resolution,llm_curated,1
potassium citrate monohydrate,potassium,salt_hydrate_resolution,llm_curated,1
potassium phosphate,potassium phosphate,salt_hydrate_resolution,llm_curated,1
poziotinib hydrochloride,poziotinib,salt_hydrate_resolution,llm_curated,1
pramipexole accord,pramipexole dihydrochloride,salt_hydrate_resolution,llm_curated,1
pramipexole dihydrochloride,pramipexole,salt_hydrate_resolution,llm_curated,1
pramipexole dihydrochloride monohydrate,pramipexole dihydrochloride,salt_hydrate_resolution,llm_curated,1
pramipexole teva,pramipexole dihydrochloride,salt_hydrate_resolution,llm_curated,1
prasugrel viatris (previously prasugrel mylan),prasugrel besilate,salt_hydrate_resolution,llm_curated,1
pregnenolone,pregnenolone,salt_hydrate_resolution,llm_curated,1
preotact,parathyroid hormone,salt_hydrate_resolution,llm_curated,1
prezista,darunavir,salt_hydrate_resolution,llm_curated,1
prialt,ziconotide,salt_hydrate_resolution,llm_curated,1
prilocaine hydrochloride,prilocaine,salt_hydrate_resolution,llm_curated,1
prilosec,omeprazole,salt_hydrate_resolution,llm_curated,1
procarbazine hydrochloride,procarbazine,salt_hydrate_resolution,llm_curated,1
proguanil hydrochloride,proguanil,salt_hydrate_resolution,llm_curated,1
prometax,rivastigmine,salt_hydrate_resolution,llm_curated,1
propafenone hydrochloride,propafenone,salt_hydrate_resolution,llm_curated,1
protamine,protamine,salt_hydrate_resolution,llm_curated,1
protamine sulfate,protamine,salt_hydrate_resolution,llm_curated,1
protaphane,insulin human,salt_hydrate_resolution,llm_curated,1
protein c,protein c,salt_hydrate_resolution,llm_curated,1
prothrombin complex concentrate,prothrombin complex,salt_hydrate_resolution,llm_curated,1
proventil,albuterol,salt_hydrate_resolution,llm_curated,1
prucalopride succinate,prucalopride,salt_hydrate_resolution,llm_curated,1
pt-100,talabostat,salt_hydrate_resolution,llm_curated,1
pt-141,bremelanotide,salt_hydrate_resolution,llm_curated,1
pti-6d2,pti-6d2,salt_hydrate_resolution,llm_curated,1
ptk 0796,omadacycline,salt_hydrate_resolution,llm_curated,1
pyridoxine hydrochloride,pyridoxine,salt_hydrate_resolution,llm_curated,1
qsiva,phentermine,salt_hydrate_resolution,llm_curated,1
quetiapine fumarate,quetiapine,salt_hydrate_resolution,llm_curated,1
quinine sulphate,quinine,salt_hydrate_resolution,llm_curated,1
rabeprazole sodium,rabeprazole,salt_hydrate_resolution,llm_curated,1
rasagiline mesilate,rasagiline,salt_hydrate_resolution,llm_curated,1
rasagiline mesylate,rasagiline,salt_hydrate_resolution,llm_curated,1
rasagiline ratiopharm,rasagiline,salt_hydrate_resolution,llm_curated,1
rasilez,aliskiren,salt_hydrate_resolution,llm_curated,1
reagila,cariprazine,salt_hydrate_resolution,llm_curated,1
rebif,interferon beta,salt_hydrate_resolution,llm_curated,1
recentin,cediranib,salt_hydrate_resolution,llm_curated,1
reconcile,fluoxetine,salt_hydrate_resolution,llm_curated,1
relpax,eletriptan,salt_hydrate_resolution,llm_curated,1
relvar ellipta,fluticasone furoate,salt_hydrate_resolution,llm_curated,1
remifentanil hcl,remifentanil,salt_hydrate_resolution,llm_curated,1
remifentanil hydrochloride,remifentanil,salt_hydrate_resolution,llm_curated,1
remimazolam besylate,remimazolam,salt_hydrate_resolution,llm_curated,1
renagel,sevelamer,salt_hydrate_resolution,llm_curated,1
resminostat,resminostat,salt_hydrate_resolution,llm_curated,1
resolor,prucalopride,salt_hydrate_resolution,llm_curated,1
restylane,hyaluronic acid,salt_hydrate_resolution,llm_curated,1
retaspimycin hydrochloride,retaspimycin,salt_hydrate_resolution,llm_curated,1
revatio,sildenafil,salt_hydrate_resolution,llm_curated,1
revolade,eltrombopag,salt_hydrate_resolution,llm_curated,1
rezafungin acetate,rezafungin,salt_hydrate_resolution,llm_curated,1
rezolsta,darunavir ethanolate,salt_hydrate_resolution,llm_curated,1
rezurock,belumosudil mesilate,salt_hydrate_resolution,llm_curated,1
rezzayo,rezafungin,salt_hydrate_resolution,llm_curated,1
rhokiinsa,netarsudil,salt_hydrate_resolution,llm_curated,1
rifamycin,rifamycin,salt_hydrate_resolution,llm_curated,1
rifamycin sodium,rifamycin,salt_hydrate_resolution,llm_curated,1
rigosertib sodium,rigosertib,salt_hydrate_resolution,llm_curated,1
rilpivirine hydrochloride,rilpivirine,salt_hydrate_resolution,llm_curated,1
rimegepant sulfate,rimegepant,salt_hydrate_resolution,llm_curated,1
rinvoq,upadacitinib,salt_hydrate_resolution,llm_curated,1
riprazo,aliskiren,salt_hydrate_resolution,llm_curated,1
ristaben,sitagliptin,salt_hydrate_resolution,llm_curated,1
ritlecitinib tosilate,ritlecitinib,salt_hydrate_resolution,llm_curated,1
rivastigmine 1 a pharma,rivastigmine,salt_hydrate_resolution,llm_curated,1
rivastigmine hexal,rivastigmine,salt_hydrate_resolution,llm_curated,1
rivastigmine sandoz,rivastigmine,salt_hydrate_resolution,llm_curated,1
rivastigmine teva,rivastigmine,salt_hydrate_resolution,llm_curated,1
rivoceranib mesylate,rivoceranib,salt_hydrate_resolution,llm_curated,1
rly5016,patiromer,salt_hydrate_resolution,llm_curated,1
rodatristat ethyl,rodatristat,salt_hydrate_resolution,llm_curated,1
ropivacaine hcl,ropivacaine,salt_hydrate_resolution,llm_curated,1
ropivacaine hydrochloride monohydrate,ropivacaine,salt_hydrate_resolution,llm_curated,1
rosiglitazone maleate,rosiglitazone,salt_hydrate_resolution,llm_curated,1
rsd1235,vernakalant,salt_hydrate_resolution,llm_curated,1
rx 31,elamipretide,salt_hydrate_resolution,llm_curated,1
rx-3341,delafloxacin,salt_hydrate_resolution,llm_curated,1
rytelo,imetelstat,salt_hydrate_resolution,llm_curated,1
samidorphan l-malate,samidorphan,salt_hydrate_resolution,llm_curated,1
sanfetrinem,sanfetrinem,salt_hydrate_resolution,llm_curated,1
sapropterin hydrochloride,sapropterin,salt_hydrate_resolution,llm_curated,1
saquinavir mesylate,saquinavir,salt_hydrate_resolution,llm_curated,1
scenesse,afamelanotide,salt_hydrate_resolution,llm_curated,1
scopolamine hydrobromide,scopolamine,salt_hydrate_resolution,llm_curated,1
selincro,nalmefene,salt_hydrate_resolution,llm_curated,1
seloken,metoprolol,salt_hydrate_resolution,llm_curated,1
serenoa repens,saw palmetto,salt_hydrate_resolution,llm_curated,1
seroquel,quetiapine,salt_hydrate_resolution,llm_curated,1
sertraline hcl,sertraline,salt_hydrate_resolution,llm_curated,1
sertraline hydrochloride,sertraline,salt_hydrate_resolution,llm_curated,1
sifrol,pramipexole dihydrochloride,salt_hydrate_resolution,llm_curated,1
signifor,pasireotide,salt_hydrate_resolution,llm_curated,1
sildenafil actavis,sildenafil,salt_hydrate_resolution,llm_curated,1
sildenafil ratiopharm,sildenafil,salt_hydrate_resolution,llm_curated,1
sildenafil teva,sildenafil,salt_hydrate_resolution,llm_curated,1
sinequan,doxepin,salt_hydrate_resolution,llm_curated,1
singulair,montelukast,salt_hydrate_resolution,llm_curated,1
sitagliptin accord,sitagliptin hydrochloride,salt_hydrate_resolution,llm_curated,1
sivextro,tedizolid,salt_hydrate_resolution,llm_curated,1
sodium iodide,sodium iodide,salt_hydrate_resolution,llm_curated,1
"sodium sulfate, anhydrous",sodium sulfate,salt_hydrate_resolution,llm_curated,1
sodium sulphate anhydrous,sodium sulfate,salt_hydrate_resolution,llm_curated,1
solriamfetol,solriamfetol,salt_hydrate_resolution,llm_curated,1
somac control,pantoprazole,salt_hydrate_resolution,llm_curated,1
somakit toc,edotreotide,salt_hydrate_resolution,llm_curated,1
sotalol hydrochloride,sotalol,salt_hydrate_resolution,llm_curated,1
spebrutinib,spebrutinib,salt_hydrate_resolution,llm_curated,1
spl 7013,astodrimer,salt_hydrate_resolution,llm_curated,1
spl-7013,astodrimer,salt_hydrate_resolution,llm_curated,1
spl7013,astodrimer,salt_hydrate_resolution,llm_curated,1
spp100,aliskiren,salt_hydrate_resolution,llm_curated,1
sprimeo,aliskiren,salt_hydrate_resolution,llm_curated,1
ss 31,elamipretide,salt_hydrate_resolution,llm_curated,1
stayveer,bosentan,salt_hydrate_resolution,llm_curated,1
stedesa,eslicarbazepine,salt_hydrate_resolution,llm_curated,1
stelazine,trifluoperazine,salt_hydrate_resolution,llm_curated,1
sterane,prednisolone,salt_hydrate_resolution,llm_curated,1
stilnox,zolpidem,salt_hydrate_resolution,llm_curated,1
striverdi respimat,olodaterol,salt_hydrate_resolution,llm_curated,1
suboxone,buprenorphine,salt_hydrate_resolution,llm_curated,1
sufenta,sufentanil,salt_hydrate_resolution,llm_curated,1
sugammadex sodium,sugammadex,salt_hydrate_resolution,llm_curated,1
sulbactam sodium,sulbactam,salt_hydrate_resolution,llm_curated,1
sulfamylon,mafenide,salt_hydrate_resolution,llm_curated,1
sumatriptan succinate,sumatriptan,salt_hydrate_resolution,llm_curated,1
suxamethonium chloride,succinylcholine,salt_hydrate_resolution,llm_curated,1
sycrest,asenapine,salt_hydrate_resolution,llm_curated,1
syr-472,trelagliptin,salt_hydrate_resolution,llm_curated,1
t2g1s,biciromab,salt_hydrate_resolution,llm_curated,1
tacaryl,methdilazine,salt_hydrate_resolution,llm_curated,1
tacforius,tacrolimus,salt_hydrate_resolution,llm_curated,1
tagamet,cimetidine,salt_hydrate_resolution,llm_curated,1
tak-438,vonoprazan,salt_hydrate_resolution,llm_curated,1
tak-652,cenicriviroc,salt_hydrate_resolution,llm_curated,1
talabostat mesylate,talabostat,salt_hydrate_resolution,llm_curated,1
tamiflu,oseltamivir,salt_hydrate_resolution,llm_curated,1
tamsulosin hcl,tamsulosin,salt_hydrate_resolution,llm_curated,1
tamsulosin hydrochloride,tamsulosin,salt_hydrate_resolution,llm_curated,1
tapentadol hydrochloride,tapentadol,salt_hydrate_resolution,llm_curated,1
tarceva,erlotinib,salt_hydrate_resolution,llm_curated,1
taxespira (previously docetaxel hospira uk limited ),docetaxel,salt_hydrate_resolution,llm_curated,1
tazobactam sodium,tazobactam,salt_hydrate_resolution,llm_curated,1
tazobactam sodium salt,tazobactam,salt_hydrate_resolution,llm_curated,1
tbr-652,cenicriviroc,salt_hydrate_resolution,llm_curated,1
tc-5214,dexmecamylamine,salt_hydrate_resolution,llm_curated,1
tecovirimat siga,tecovirimat,salt_hydrate_resolution,llm_curated,1
tedizolid phosphate,tedizolid,salt_hydrate_resolution,llm_curated,1
tekturna,aliskiren,salt_hydrate_resolution,llm_curated,1
tenkasi (previously orbactiv),oritavancin diphosphate,salt_hydrate_resolution,llm_curated,1
tenofovir alafenamide fumarate,tenofovir alafenamide,salt_hydrate_resolution,llm_curated,1
tepmetko,tepotinib hydrochloride,salt_hydrate_resolution,llm_curated,1
terbutaline sulfate,terbutaline,salt_hydrate_resolution,llm_curated,1
terbutaline sulphate,terbutaline,salt_hydrate_resolution,llm_curated,1
tesavel,sitagliptin,salt_hydrate_resolution,llm_curated,1
testosterone cipionate,testosterone,salt_hydrate_resolution,llm_curated,1
testosterone enantate,testosterone,salt_hydrate_resolution,llm_curated,1
testosterone propionate,testosterone,salt_hydrate_resolution,llm_curated,1
tetracaine hydrochloride,tetracaine,salt_hydrate_resolution,llm_curated,1
tetracycline hydrochloride,tetracycline,salt_hydrate_resolution,llm_curated,1
teveten,eprosartan,salt_hydrate_resolution,llm_curated,1
tgr-1202,umbralisib,salt_hydrate_resolution,llm_curated,1
th9507,tesamorelin,salt_hydrate_resolution,llm_curated,1
thiamine hydrochloride,thiamine,salt_hydrate_resolution,llm_curated,1
thiamine nitrate,thiamine,salt_hydrate_resolution,llm_curated,1
thiopental sodium,thiopental,salt_hydrate_resolution,llm_curated,1
thorazine,chlorpromazine,salt_hydrate_resolution,llm_curated,1
thyrotropin,thyrotropin,salt_hydrate_resolution,llm_curated,1
timolol maleate,timolol,salt_hydrate_resolution,llm_curated,1
tinzaparin sodium,tinzaparin,salt_hydrate_resolution,llm_curated,1
tinzaparine sodique,tinzaparin,salt_hydrate_resolution,llm_curated,1
tirofiban hydrochloride,tirofiban,salt_hydrate_resolution,llm_curated,1
tirofiban hydrochloride monohydrate,tirofiban,salt_hydrate_resolution,llm_curated,1
tivicay,dolutegravir,salt_hydrate_resolution,llm_curated,1
tivozanib hydrochloride,tivozanib,salt_hydrate_resolution,llm_curated,1
tivozanib hydrochloride monohydrate,tivozanib,salt_hydrate_resolution,llm_curated,1
tixocortol-21-pivalate,tixocortol,salt_hydrate_resolution,llm_curated,1
tmc114 ethanolate,darunavir,salt_hydrate_resolution,llm_curated,1
tobramycin sulfate,tobramycin,salt_hydrate_resolution,llm_curated,1
tobramycin sulphate,tobramycin,salt_hydrate_resolution,llm_curated,1
tofacitinib citrate,tofacitinib,salt_hydrate_resolution,llm_curated,1
topotecan actavis,topotecan,salt_hydrate_resolution,llm_curated,1
topotecan hospira,topotecan,salt_hydrate_resolution,llm_curated,1
topotecan teva,topotecan,salt_hydrate_resolution,llm_curated,1
toremifene citrate,toremifene,salt_hydrate_resolution,llm_curated,1
tracleer,bosentan,salt_hydrate_resolution,llm_curated,1
tramadol hcl,tramadol,salt_hydrate_resolution,llm_curated,1
tramadol hydrochloride,tramadol,salt_hydrate_resolution,llm_curated,1
trametinib dimethyl sulfoxide,trametinib,salt_hydrate_resolution,llm_curated,1
trazodone hydrochloride,trazodone,salt_hydrate_resolution,llm_curated,1
trelegy ellipta,fluticasone furoate,salt_hydrate_resolution,llm_curated,1
triamcinolone hexacetonide,triamcinolone,salt_hydrate_resolution,llm_curated,1
trientine dihydrochloride,trientine,salt_hydrate_resolution,llm_curated,1
trilaciclib dihydrochloride,trilaciclib,salt_hydrate_resolution,llm_curated,1
trimetazidine dihydrochloride,trimetazidine,salt_hydrate_resolution,llm_curated,1
trimethoprim sulfate,trimethoprim,salt_hydrate_resolution,llm_curated,1
triptorelin pamoate,triptorelin,salt_hydrate_resolution,llm_curated,1
trovan iv,alatrofloxacin mesilate,salt_hydrate_resolution,llm_curated,1
trusopt,dorzolamide,salt_hydrate_resolution,llm_curated,1
truvada,emtricitabine,salt_hydrate_resolution,llm_curated,1
trypsin,trypsin,salt_hydrate_resolution,llm_curated,1
turalio,pexidartinib,salt_hydrate_resolution,llm_curated,1
turvel iv,alatrofloxacin mesilate,salt_hydrate_resolution,llm_curated,1
tyvaso,treprostinil,salt_hydrate_resolution,llm_curated,1
tyverb,lapatinib,salt_hydrate_resolution,llm_curated,1
ulobetasol,halobetasol,salt_hydrate_resolution,llm_curated,1
ultratard,insulin human,salt_hydrate_resolution,llm_curated,1
unoprostone isopropyl,unoprostone,salt_hydrate_resolution,llm_curated,1
valaciclovir hydrochloride,valacyclovir,salt_hydrate_resolution,llm_curated,1
valemetostat tosylate,valemetostat,salt_hydrate_resolution,llm_curated,1
vancomycin hydrochloride,vancomycin,salt_hydrate_resolution,llm_curated,1
vaniqa,eflornithine,salt_hydrate_resolution,llm_curated,1
vardenafil hydrochloride trihydrate,vardenafil,salt_hydrate_resolution,llm_curated,1
varenicline tartrate,varenicline,salt_hydrate_resolution,llm_curated,1
vargatef,nintedanib,salt_hydrate_resolution,llm_curated,1
varuby,rolapitant,salt_hydrate_resolution,llm_curated,1
vemlidy,tenofovir alafenamide,salt_hydrate_resolution,llm_curated,1
venglustat malate,venglustat,salt_hydrate_resolution,llm_curated,1
venlafaxine hydrochloride,venlafaxine,salt_hydrate_resolution,llm_curated,1
ventavis,iloprost,salt_hydrate_resolution,llm_curated,1
verapamil hydrochloride,verapamil,salt_hydrate_resolution,llm_curated,1
veraseal,human fibrinogen|human thrombin,salt_hydrate_resolution,llm_curated,1
vesicare,solifenacin,salt_hydrate_resolution,llm_curated,1
vesprin,triflupromazine,salt_hydrate_resolution,llm_curated,1
viagra,sildenafil,salt_hydrate_resolution,llm_curated,1
vibativ,telavancin,salt_hydrate_resolution,llm_curated,1
vidofludimus,vidofludimus,salt_hydrate_resolution,llm_curated,1
vilanterol trifenatate,vilanterol,salt_hydrate_resolution,llm_curated,1
vilazodone hydrochloride,vilazodone,salt_hydrate_resolution,llm_curated,1
vincristini sulfas,vincristine,salt_hydrate_resolution,llm_curated,1
vinflunine ditartrate,vinflunine,salt_hydrate_resolution,llm_curated,1
vipidia,alogliptin,salt_hydrate_resolution,llm_curated,1
viracept,nelfinavir,salt_hydrate_resolution,llm_curated,1
viread,tenofovir disoproxil,salt_hydrate_resolution,llm_curated,1
vivagel,astodrimer,salt_hydrate_resolution,llm_curated,1
vivanza,vardenafil,salt_hydrate_resolution,llm_curated,1
vizarsin,sildenafil,salt_hydrate_resolution,llm_curated,1
vizimpro,dacomitinib,salt_hydrate_resolution,llm_curated,1
vontrol,diphenidol,salt_hydrate_resolution,llm_curated,1
vorhyaluronidase alfa,hyaluronidase,salt_hydrate_resolution,llm_curated,1
vs-6063,defactinib,salt_hydrate_resolution,llm_curated,1
vumerity,diroximel fumarate,salt_hydrate_resolution,llm_curated,1
vydura,rimegepant,salt_hydrate_resolution,llm_curated,1
vyndaqel,tafamidis,salt_hydrate_resolution,llm_curated,1
wakix,pitolisant,salt_hydrate_resolution,llm_curated,1
wilzin,zinc,salt_hydrate_resolution,llm_curated,1
wq-3034,delafloxacin,salt_hydrate_resolution,llm_curated,1
x0002,ibuprofen trelamine,salt_hydrate_resolution,llm_curated,1
xagrid,anagrelide,salt_hydrate_resolution,llm_curated,1
xelevia,sitagliptin,salt_hydrate_resolution,llm_curated,1
xeljanz,tofacitinib,salt_hydrate_resolution,llm_curated,1
xerava,eravacycline,salt_hydrate_resolution,llm_curated,1
xylocaine,lidocaine,salt_hydrate_resolution,llm_curated,1
xyzal,levocetirizine,salt_hydrate_resolution,llm_curated,1
yellox,bromfenac sodium,salt_hydrate_resolution,llm_curated,1
zalviso,sufentanil,salt_hydrate_resolution,llm_curated,1
zelnorm,tegaserod,salt_hydrate_resolution,llm_curated,1
zemdri,plazomicin sulfate,salt_hydrate_resolution,llm_curated,1
ziagen,abacavir,salt_hydrate_resolution,llm_curated,1
zilbrysq,zilucoplan,salt_hydrate_resolution,llm_curated,1
zilucoplan sodium,zilucoplan,salt_hydrate_resolution,llm_curated,1
zinforo,ceftaroline fosamil,salt_hydrate_resolution,llm_curated,1
ziprasidone hydrochloride,ziprasidone,salt_hydrate_resolution,llm_curated,1
zoely,nomegestrol acetate,salt_hydrate_resolution,llm_curated,1
zoledronate,zoledronic acid,salt_hydrate_resolution,llm_curated,1
zoledronic acid accord,zoledronic acid,salt_hydrate_resolution,llm_curated,1
zoledronic acid actavis,zoledronic acid,salt_hydrate_resolution,llm_curated,1
zoledronic acid hospira,zoledronic acid,salt_hydrate_resolution,llm_curated,1
zoledronic acid medac,zoledronic acid,salt_hydrate_resolution,llm_curated,1
zoledronic acid teva generics,zoledronic acid,salt_hydrate_resolution,llm_curated,1
zolpidem tartrate,zolpidem,salt_hydrate_resolution,llm_curated,1
zolsketil pegylated liposomal,doxorubicin hydrochloride,salt_hydrate_resolution,llm_curated,1
zometa,zoledronic acid,salt_hydrate_resolution,llm_curated,1
zovirax,acyclovir,salt_hydrate_resolution,llm_curated,1
zytiga,abiraterone,salt_hydrate_resolution,llm_curated,1
abrysvo,"respiratory syncytial virus vaccine (bivalent, recombinant)",epar_brand,llm_curated,1
activyl tick plus,indoxacarb|permethrin,epar_brand,llm_curated,1
"adjupanrix (previously pandemic influenza vaccine (h5n1) (split virion, inactivated, adjuvanted) glaxosmithkline biologicals)","split influenza virus, inactivated, containing antigen: a|vietnam|1194|2004 (h5n1) like strain used (nibrg-14)",epar_brand,llm_curated,1
adrovance,colecalciferol|alendronic acid (as sodium trihydrate),epar_brand,llm_curated,1
adynovi,rurioctocog alfa pegol,epar_brand,llm_curated,1
adzynma,radamts13,epar_brand,llm_curated,1
alpheon,recombinant human interferon alfa-2a,epar_brand,llm_curated,1
ambirix,hepatitis a virus (inactivated)|hepatitis b surface antigen,epar_brand,llm_curated,1
ameluz,5-aminolevulinic acid hydrochloride,epar_brand,llm_curated,1
amglidia,glibenclamide,epar_brand,llm_curated,1
amyvid,florbetapir (18f),epar_brand,llm_curated,1
aqneursa,l-acetylleucine,epar_brand,llm_curated,1
arepanrix,"split influenza virus, inactivated, containing antigen*: a|california|7|2009 (h1n1)v like strain (x-179a)*propagated in eggs.",epar_brand,llm_curated,1
armisarte (previously pemetrexed actavis),pemetrexed diacid monohydrate,epar_brand,llm_curated,1
atazanavir krka,atazanavir (as sulfate),epar_brand,llm_curated,1
atazanavir viatris (previously atazanavir mylan),atazanavir (as sulfate),epar_brand,llm_curated,1
atosiban sun,atosiban (as acetate),epar_brand,llm_curated,1
axumin,fluciclovine (18f),epar_brand,llm_curated,1
benefix,nonacog alfa,epar_brand,llm_curated,1
bimervax,sars-cov-2 virus recombinant spike (s) protein receptor binding domain (rbd) fusion dimer produced by recombinant dna technology,epar_brand,llm_curated,1
bondenza (previously ibandronic acid roche),ibandronic acid,epar_brand,llm_curated,1
bondronat,ibandronic acid,epar_brand,llm_curated,1
bonviva,ibandronic acid,epar_brand,llm_curated,1
camcevi,leuprorelin mesilate,epar_brand,llm_curated,1
cancidas (previously caspofungin msd),caspofungin (as acetate),epar_brand,llm_curated,1
cea-scan,arcitumomab,epar_brand,llm_curated,1
celsunax,ioflupane (123i),epar_brand,llm_curated,1
celvapan,"whole virion influenza vaccine, inactivated containing antigen of strain a|california|07|2009 (h1n1)v",epar_brand,llm_curated,1
ceprotin,human protein c,epar_brand,llm_curated,1
cervarix,human papillomavirus1 type 16 l1 protein|human papillomavirus type 18 l1 protein,epar_brand,llm_curated,1
cholestagel,colesevelam (as hydrochloride),epar_brand,llm_curated,1
cinryze,c1 inhibitor (human),epar_brand,llm_curated,1
clopidogrel bgr (previously zylagren),clopidogrel (as hydrogen sulfate),epar_brand,llm_curated,1
clopidogrel bms,clopidogrel (as hydrogen sulfate),epar_brand,llm_curated,1
clopidogrel dura,clopidogrel (as hydrochloride),epar_brand,llm_curated,1
clopidogrel hcs,clopidogrel (as hydrochloride),epar_brand,llm_curated,1
clopidogrel krka,clopidogrel (as hydrochloride),epar_brand,llm_curated,1
clopidogrel krka d.d. (previously zopya),clopidogrel (as hydrochloride),epar_brand,llm_curated,1
clopidogrel qualimed,clopidogrel (as hydrochloride),epar_brand,llm_curated,1
clopidogrel tad,clopidogrel (as hydrochloride),epar_brand,llm_curated,1
clopidogrel teva (hydrogen sulphate),clopidogrel (as hydrogen sulfate),epar_brand,llm_curated,1
clopidogrel teva generics b.v.,clopidogrel (as hydrochloride),epar_brand,llm_curated,1
clopidogrel teva pharma (previously clopidogrel hcs),clopidogrel (as hydrochloride),epar_brand,llm_curated,1
clopidogrel teva pharma b.v.,clopidogrel (as hydrobromide),epar_brand,llm_curated,1
coagadex,human coagulation factor x,epar_brand,llm_curated,1
comirnaty,"single-stranded, 5'-capped messenger rna produced using a cell-free in vitro transcription from the corresponding dna templates, encoding the viral spike (s) protein of sars-cov-2",epar_brand,llm_curated,1
"covid-19 vaccine (inactivated, adjuvanted) valneva","covid-19 vaccine (inactivated, adjuvanted, adsorbed)",epar_brand,llm_curated,1
cresemba,isavuconazole,epar_brand,llm_curated,1
cuprymina,copper (64cu) chloride,epar_brand,llm_curated,1
cystadrops,mercaptamine hydrochloride,epar_brand,llm_curated,1
daronrix,"whole virion, inactivated, containing antigen*: a|vietnam|1194|2004 (h5n1)* produced in eggs",epar_brand,llm_curated,1
datscan,ioflupane (123l),epar_brand,llm_curated,1
dengvaxia,"chimeric yellow fever dengue virus serotype 1 (live, attenuated)|chimeric yellow fever dengue virus serotype 2 (live, attenuated)|chimeric yellow fever dengue virus serotype 3 (live, attenuated)|chimeric yellow fever dengue virus serotype 4 (live, attenuated)",epar_brand,llm_curated,1
destara,ibandronic acid,epar_brand,llm_curated,1
echogen,dodecafluoropentane,epar_brand,llm_curated,1
edarbi,azilsartan medoxomil,epar_brand,llm_curated,1
emend,aprepitant,epar_brand,llm_curated,1
endolucinbeta,lutetium (177lu) chloride,epar_brand,llm_curated,1
episalvan,betulae cortex,epar_brand,llm_curated,1
ervebo,"recombinant vesicular stomatitis virus (strain indiana) with a deletion of the envelope glycoprotein, replaced with the zaire ebolavirus (strain kikwit 1995) surface glycoprotein",epar_brand,llm_curated,1
evarrest,human fibrinogen|human thrombin,epar_brand,llm_curated,1
exblifep,cefepime dihydrochloride monohydrate|enmetazobactam,epar_brand,llm_curated,1
fampridine accord,fampridine,epar_brand,llm_curated,1
fampyra,fampridine,epar_brand,llm_curated,1
fendrix,hepatitis b surface antigen,epar_brand,llm_curated,1
fetcroja,cefiderocol sulfate tosilate,epar_brand,llm_curated,1
filsuvez,"dry extract from birch bark (der 5-10 : 1), extraction solvent n-heptane 95% (w|w)",epar_brand,llm_curated,1
flebogamma dif (previously flebogammadif),human normal immunoglobulin,epar_brand,llm_curated,1
fluenz,"influenza virus a|victoria|4897|2022 (h1n1)pdm09 - like strain (a|norway|31694|2022, medi 369815), a a|croatia|10136rv|2023 (h3n2)-like strain (a|perth|722|2024, medi 392611) b|austria|1359417|2021 - like strain (b|austria|1359417|2021, medi 355292)",epar_brand,llm_curated,1
forcaltonin,recombinant salmon calcitonin,epar_brand,llm_curated,1
fosavance,alendronic acid|colecalciferol,epar_brand,llm_curated,1
gardasil,human papillomavirus type 6 l1 protein|human papillomavirus type 11 l1 protein|human papillomavirus type 16 l1 protein|human papillomavirus type 18 l1 protein,epar_brand,llm_curated,1
gliolan,5-aminolevulinic acid hydrochloride,epar_brand,llm_curated,1
granupas (previously para-aminosalicylic acid lucane),para-aminosalicylic acid,epar_brand,llm_curated,1
grepid,clopidogrel (as besilate),epar_brand,llm_curated,1
hbvaxpro,"hepatitis b, recombinant surface antigen",epar_brand,llm_curated,1
helicobacter test infai,urea (13c),epar_brand,llm_curated,1
hepacare,"hepatitis b surface antigens recombinant (s, pre-s1, pre-s2) adsorbed on aluminium hydroxide [produced on genetically engineered murine (c127i) cells]",epar_brand,llm_curated,1
heplisav b,hepatitis b surface antigen,epar_brand,llm_curated,1
hizentra,human normal immunoglobulin (scig),epar_brand,llm_curated,1
humenza,"split influenza virus, inactivated, containing antigen*: a|california|7|2009 (h1n1)v like strain (x-179a)*propagated in eggs.",epar_brand,llm_curated,1
iasibon,ibandronic acid,epar_brand,llm_curated,1
ibandronic acid accord,ibandronic acid,epar_brand,llm_curated,1
ibandronic acid sandoz,ibandronic acid,epar_brand,llm_curated,1
ibandronic acid teva,ibandronic acid,epar_brand,llm_curated,1
ikervis,ciclosporin,epar_brand,llm_curated,1
immunogam,human hepatitis b immunoglobulin,epar_brand,llm_curated,1
imvanex,modified vaccinia ankara - bavarian nordic (mva-bn) virus,epar_brand,llm_curated,1
inrebic,fedratinib dihydrochloride monohydrate,epar_brand,llm_curated,1
insulin human winthrop,insulin human,epar_brand,llm_curated,1
ipreziv,azilsartan medoxomil,epar_brand,llm_curated,1
isemid,torasemide,epar_brand,llm_curated,1
ixchiq,"chikungunya virus, strain chikv lr2006-opy1, live attenuated",epar_brand,llm_curated,1
ixiaro,"japanese-encephalitis virus, inactivated (attenuated strain sa14-14-2 grown in vero cells)",epar_brand,llm_curated,1
jcovden (previously covid-19 vaccine janssen),adenovirus type 26 encoding the sars-cov-2 spike glycoprotein (ad26.cov2-s),epar_brand,llm_curated,1
kexxtone,monensin (as monensin sodium),epar_brand,llm_curated,1
kiovig,human normal immunoglobulin (ivig),epar_brand,llm_curated,1
lazcluze,lazertinib mesilate monohydrate,epar_brand,llm_curated,1
ledaga,chlormethine,epar_brand,llm_curated,1
lenalidomide krka d.d.,lenalidomide hydrochloride hydrate,epar_brand,llm_curated,1
leucogen,purified p45 felv-envelope antigen,epar_brand,llm_curated,1
litfulo,ritlecitinib tosilate,epar_brand,llm_curated,1
lixiana,edoxaban tosilate,epar_brand,llm_curated,1
locametz,gozetotide,epar_brand,llm_curated,1
lonsurf,trifluridine|tipiracil hydrochloride,epar_brand,llm_curated,1
lumark,lutetium (177lu) chloride,epar_brand,llm_curated,1
lutathera,lutetium (177lu) oxodotreotide,epar_brand,llm_curated,1
lutetium (177lu) chloride billev (previously illuzyce),lutetium (177lu) chloride,epar_brand,llm_curated,1
lymphoseek,tilmanocept,epar_brand,llm_curated,1
menquadfi,neisseria meningitidis group c polysaccharide conjugated to tetanus toxoid|neisseria meningitidis group a polysaccharide conjugated to tetanus toxoid|neisseria meningitidis group y polysaccharide conjugated to tetanus toxoid|neisseria meningitidis group w-135 polysaccharide conjugated to tetanus toxoid,epar_brand,llm_curated,1
menveo,"meningococcal group a, c, w-135 and y conjugate vaccine",epar_brand,llm_curated,1
methylthioninium chloride proveblue,methylthioninium chloride,epar_brand,llm_curated,1
mresvia,single-stranded 5' capped mrna encoding the respiratory syncytial virus glycoprotein f stabilised in the prefusion conformation,epar_brand,llm_curated,1
mvabea,recombinant modified vaccinia ankara bavarian nordic virus encoding the: ebola virus zaire (zebov) mayinga strain glycoprotein (gp)|ebola virus sudan gulu strain gp|ebola virus taï forest strain nucleoprotein and the marburg virus musoke strain gp,epar_brand,llm_curated,1
mycograb,recombinant human monoclonal antibody to hsp,epar_brand,llm_curated,1
neuraceq,florbetaben (18f),epar_brand,llm_curated,1
neurobloc,botulinum toxin type b,epar_brand,llm_curated,1
nexobrid,proteolytic enzymes enriched in bromelain,epar_brand,llm_curated,1
nimenrix,neisseria meningitidis group a polysaccharide conjugated to tetanus toxoid|neisseria meningitidis group c polysaccharide conjugated to tetanus toxoid|neisseria meningitidis group w-135 polysaccharide conjugated to tetanus toxoid|neisseria meningitidis group y polysaccharide conjugated to tetanus toxoid,epar_brand,llm_curated,1
nonafact,human coagulation factor ix,epar_brand,llm_curated,1
nuvaxovid,sars cov-2 (original) recombinant spike protein|sars-cov-2 (omicron xbb.1.5) recombinant spike protein,epar_brand,llm_curated,1
nyxthracis (previously obiltoxaximab sfl),nyxthracis,epar_brand,llm_curated,1
oxervate,recombinant human nerve growth factor,epar_brand,llm_curated,1
pandemic influenza vaccine h5n1 astrazeneca (previously pandemic influenza vaccine h5n1 medimmune),reassortant influenza virus (live attenuated) of the following strain: a|vietnam|1203|2004 (h5n1) strain,epar_brand,llm_curated,1
pandemic influenza vaccine h5n1 baxter ag,"influenza vaccine (whole virion, inactivated) containing antigen of: a|vietnam|1203|2004 (h5n1)",epar_brand,llm_curated,1
pandemrix,"split influenza virus inactivated, containing antigen equivalent to a|california|07|2009 (h1n1)-derived strain used nymc x-179a",epar_brand,llm_curated,1
plavix,clopidogrel hydrogen sulfate,epar_brand,llm_curated,1
pluvicto,lutetium (177lu) vipivotide tetraxetan,epar_brand,llm_curated,1
prehevbri,hepatitis b surface antigen,epar_brand,llm_curated,1
"prepandemic influenza vaccine (h5n1) (split virion, inactivated, adjuvanted) glaxosmithkline biologicals","split influenza virus, inactivated, containing antigen: a|vietnam|1194|2004 (h5n1) like strain used (nibrg-14)",epar_brand,llm_curated,1
prepandrix,a|indonesia|05|2005 (h5n1) like strain used (pr8-ibcdc-rg2),epar_brand,llm_curated,1
prevenar,pneumococcal oligosaccharide serotype 18c|pneumococcal polysaccharide serotype 19f|pneumococcal polysaccharide serotype 23f|pneumococcal polysaccharide serotype 4|pneumococcal polysaccharide serotype 6b|pneumococcal polysaccharide serotype 9v|pneumococcal polysaccharide serotype 14,epar_brand,llm_curated,1
prevenar 20 (previously apexxnar),pneumococcal polysaccharide serotype 1|pneumococcal polysaccharide serotype 3|pneumococcal polysaccharide serotype 4|pneumococcal polysaccharide serotype 5|pneumococcal polysaccharide serotype 6a|pneumococcal polysaccharide serotype 6b|pneumococcal polysaccharide serotype 7f|pneumococcal polysaccharide serotype 8|pneumococcal polysaccharide serotype 9v|pneumococcal polysaccharide serotype 10a|pneumococcal polysaccharide serotype 11a|pneumococcal polysaccharide serotype 12f|pneumococcal polysaccharide serotype 14|pneumococcal polysaccharide serotype 15b|pneumococcal polysaccharide serotype 18c|pneumococcal polysaccharide serotype 19a|pneumococcal polysaccharide serotype 19f|pneumococcal polysaccharide serotype 22f|pneumococcal polysaccharide serotype 23f|pneumococcal polysaccharide serotype 33f,epar_brand,llm_curated,1
privigen,human normal immunoglobulin (ivig),epar_brand,llm_curated,1
procomvax,polyribosylribitol phosphate from haemophilus influenzae type b as prp-ompc|outer membrane protein complex of neisseria meningitidis (outer membrane protein complex of the b11 strain of neisseria meningitidis subgroup b)|adsorbed hepatitis b surface antigen produced in recombinant yeast cells (saccharomyces cerevisiae),epar_brand,llm_curated,1
procysbi,mercaptamine bitartrate,epar_brand,llm_curated,1
prozinc,insulin human,epar_brand,llm_curated,1
pumarix,"pandemic influenza vaccine (h5n1) (split virion, inactivated, adjuvanted)",epar_brand,llm_curated,1
pylclari,piflufolastat (18f),epar_brand,llm_curated,1
pylobactell,urea (13c),epar_brand,llm_curated,1
pylori-chek,urea (13c),epar_brand,llm_curated,1
qdenga,"dengue virus, serotype 2, expressing dengue virus, serotype 1, surface proteins, live, attenuated|dengue virus, serotype 2, expressing dengue virus, serotype 3, surface proteins, live, attenuated|dengue virus, serotype 2, expressing dengue virus, serotype 4, surface proteins, live, attenuated|dengue virus, serotype 2, live, attenuated",epar_brand,llm_curated,1
quadramet,samarium (153sm) lexidronam pentasodium,epar_brand,llm_curated,1
raplixa,human fibrinogen|human thrombin,epar_brand,llm_curated,1
respreeza,human alpha1-proteinase inhibitor,epar_brand,llm_curated,1
rhucin,recombinant human c1-inhibitor,epar_brand,llm_curated,1
rivastigmine actavis,rivastigmine hydrogen tartrate,epar_brand,llm_curated,1
rixubis,nonacog gamma,epar_brand,llm_curated,1
rizmoic,naldemedine tosilate,epar_brand,llm_curated,1
rotarix,"human rotavirus, live attenuated",epar_brand,llm_curated,1
rotashield,"rotavirus serotype 1 reassortant, rotavirus serotype 2 reassortant, rotavirus serotype 3 rhesus, rotavirus serotype 4 reassortant",epar_brand,llm_curated,1
rotateq,rotavirus serotype g1|rotavirus serotype g2|rotavirus serotype g3|rotavirus serotype g4|rotavirus serotype p1,epar_brand,llm_curated,1
roteas,edoxaban tosilate,epar_brand,llm_curated,1
ruconest,recombinant human c1-inhibitor,epar_brand,llm_curated,1
rukobia,fostemsavir trometamol,epar_brand,llm_curated,1
shingrix,recombinant varicella zoster virus glycoprotein e,epar_brand,llm_curated,1
siklos,hydroxycarbamide,epar_brand,llm_curated,1
silgard,human papillomavirus type 6 l1 protein|human papillomavirus type 11 l1 protein|human papillomavirus type 16 l1 protein|human papillomavirus type 18 l1 protein,epar_brand,llm_curated,1
sonovue,sulphur hexafluoride,epar_brand,llm_curated,1
sorafenib accord,sorafenib tosilate,epar_brand,llm_curated,1
spikevax (previously covid-19 vaccine moderna),"single-stranded, 5'-capped messenger rna (mrna) produced using a cell-free in vitro transcription from the corresponding dna templates, encoding the viral spike (s) protein of sars-cov-2",epar_brand,llm_curated,1
steglatro,ertugliflozin l-pyroglutamic acid,epar_brand,llm_curated,1
striascan,ioflupane (123l),epar_brand,llm_curated,1
strimvelis,autologous cd34+ enriched cell fraction that contains cd34+ cells transduced with retroviral vector that encodes for the human adenosine deaminase (ada) cdna sequence from human haematopoietic stem|progenitor (cd34+) cells,epar_brand,llm_curated,1
surfaxin,sinapultide|dipalmitoylphosphatidylcholine|palmitoyl-oleoyl phosphatidylglycerol|palmitic acid,epar_brand,llm_curated,1
tabrecta,capmatinib dihydrochloride monohydrate,epar_brand,llm_curated,1
tauvid,flortaucipir (18f),epar_brand,llm_curated,1
tecartus,autologous peripheral blood t cells cd4 and cd8 selected and cd3 and cd28 activated transduced with retroviral vector expressing anti-cd19 cd28|cd3-zeta chimeric antigen receptor and cultured (brexucabtagene autoleucel),epar_brand,llm_curated,1
theryttrex,yttrium (90y) chloride,epar_brand,llm_curated,1
tookad,padeliporfin di-potassium,epar_brand,llm_curated,1
trobalt,retigabine,epar_brand,llm_curated,1
trumenba,neisseria meningitidis serogroup b fhbp (recombinant lipidated fhbp (factor h binding protein)) subfamily a|neisseria meningitidis serogroup b fhbp (recombinant lipidated fhbp (factor h binding protein)) subfamily b,epar_brand,llm_curated,1
twinrix adult,hepatitis a virus (inactivated)|hepatitis b surface antigen,epar_brand,llm_curated,1
twinrix paediatric,hepatitis a virus (inactivated)|hepatitis b surface antigen,epar_brand,llm_curated,1
upcard,torasemide anhydrous,epar_brand,llm_curated,1
vaxchora,"vibrio cholerae, strain cvd 103-hgr, live",epar_brand,llm_curated,1
vaxneuvance,pneumococcal polysaccharide conjugate vaccine (adsorbed),epar_brand,llm_curated,1
vaxzevria (previously covid-19 vaccine astrazeneca),chadox1-sars-cov-2,epar_brand,llm_curated,1
velphoro,sucroferric oxyhydroxide,epar_brand,llm_curated,1
vepacel,"influenza virus (whole virion, inactivated), containing antigen of: a|vietnam|1203|2004 (h5n1)",epar_brand,llm_curated,1
verkazia,ciclosporin,epar_brand,llm_curated,1
vidprevtyn beta,"sars-cov-2 prefusion spike delta tm protein, recombinant (b.1.351 strain)",epar_brand,llm_curated,1
viekirax,ombitasvir|paritaprevir|ritonavir,epar_brand,llm_curated,1
vimizim,recombinant human n-acetylgalactosamine-6-sulfatase,epar_brand,llm_curated,1
vizamyl,flutemetamol (18f),epar_brand,llm_curated,1
vocabria,cabotegavir sodium|cabotegravir,epar_brand,llm_curated,1
xaluprine (previously mercaptopurine nova laboratories),6-mercaptopurine monohydrate,epar_brand,llm_curated,1
xermelo,telotristat etiprate,epar_brand,llm_curated,1
xofigo,radium (223ra) dichloride,epar_brand,llm_curated,1
xromi,hydroxycarbamide,epar_brand,llm_curated,1
ytracis,yttrium (90y) chloride,epar_brand,llm_curated,1
yttriga,yttrium (90y) chloride,epar_brand,llm_curated,1
zabdeno,recombinant adenovirus type 26 (ad26) encoding the glycoprotein (gp) of the ebola virus zaire (zebov) mayinga strain,epar_brand,llm_curated,1
zalmoxis,allogeneic t cells genetically modified with a retroviral vector encoding for a truncated form of the human low affinity nerve growth factor receptor (δlngfr) and the herpes simplex i virus thymidine kinase (hsv-tk mut2),epar_brand,llm_curated,1
zevalin,ibritumomab tiuxetan,epar_brand,llm_curated,1
zostavax,"varicella-zoster virus (live, attenuated)",epar_brand,llm_curated,1
zutectra,human hepatitis b immunoglobulin,epar_brand,llm_curated,1
zycortal,desoxycortone pivalate,epar_brand,llm_curated,1
zyllt,clopidogrel (as hydrogen sulfate),epar_brand,llm_curated,1
zynteglo,autologous cd34+ cell enriched population that contains haematopoietic stem cells transduced with lentiviral vector encoding the βa-t87q-globin gene,epar_brand,llm_curated,1
akineton,biperiden,chembl_conflict_resolved,llm_curated,1
binosto,alendronic acid,chembl_conflict_resolved,llm_curated,1
bodyfolin,levomefolic acid,chembl_conflict_resolved,llm_curated,1
metafolin,levomefolic acid,chembl_conflict_resolved,llm_curated,1
nutrifolin,levomefolic acid,chembl_conflict_resolved,llm_curated,1
edecrin,ethacrynic acid,chembl_conflict_resolved,llm_curated,1
glucosulfone,glucosulfone,chembl_conflict_resolved,llm_curated,1
medium-chain triglycerides,medium-chain triglycerides,chembl_conflict_resolved,llm_curated,1
skelid,tiludronic acid,chembl_conflict_resolved,llm_curated,1
torecan,thiethylperazine,chembl_conflict_resolved,llm_curated,1
technetium (99mtc) pertechnetate,sodium pertechnetate tc 99m,chembl_conflict_resolved,llm_curated,1
mecobalamin,mecobalamin,chembl_conflict_resolved,llm_curated,1
tak-491,azilsartan medoxomil,chembl_conflict_resolved,llm_curated,1
delsym,dextromethorphan,chembl_conflict_resolved,llm_curated,1
hypaque,diatrizoate meglumine,chembl_conflict_resolved,llm_curated,1
insulin zinc injection,insulin zinc,chembl_conflict_resolved,llm_curated,1
insulin zinc suspension,insulin zinc,chembl_conflict_resolved,llm_curated,1
tribasic calcium phosphate,"calcium phosphate, tribasic",chembl_conflict_resolved,llm_curated,1
win 40350,"calcium phosphate, tribasic",chembl_conflict_resolved,llm_curated,1
win-40350,"calcium phosphate, tribasic",chembl_conflict_resolved,llm_curated,1
durapatite,"calcium phosphate, tribasic",chembl_conflict_resolved,llm_curated,1
depakote,divalproex sodium,chembl_conflict_resolved,llm_curated,1
dimesna,dimesna,chembl_conflict_resolved,llm_curated,1
lenomorelin,lenomorelin,chembl_conflict_resolved,llm_curated,1
menthyl anthranilate,meradimate,chembl_conflict_resolved,llm_curated,1
aceon,perindopril,chembl_conflict_resolved,llm_curated,1
actoxumab,actoxumab,chembl_conflict_resolved,llm_curated,1
mdx-066,actoxumab,chembl_conflict_resolved,llm_curated,1
agn-151607,botulinum toxin type a,chembl_conflict_resolved,llm_curated,1
dm199,rinvecalinase alfa,chembl_conflict_resolved,llm_curated,1
dalnacogen ponparvovec,dalnacogene ponparvovec,chembl_conflict_resolved,llm_curated,1
fortical,calcitonin salmon,chembl_conflict_resolved,llm_curated,1
iron dextran,iron dextran,chembl_conflict_resolved,llm_curated,1
jzp-458,crisantaspase,chembl_conflict_resolved,llm_curated,1
asparaginase erwinia chrysanthemi (recombinant),crisantaspase,chembl_conflict_resolved,llm_curated,1
l19il2,darleukin,chembl_conflict_resolved,llm_curated,1
moxivig,moxifloxacin,chembl_conflict_resolved,llm_curated,1
myfortic,mycophenolate sodium,chembl_conflict_resolved,llm_curated,1
neoral,cyclosporine,chembl_conflict_resolved,llm_curated,1
sandimmun,cyclosporine,chembl_conflict_resolved,llm_curated,1
persicabtagen lemgedleucel,persicabtagene lemgedleucel,chembl_conflict_resolved,llm_curated,1
proxinium,oportuzumab monatox,chembl_conflict_resolved,llm_curated,1
satumomab,satumomab,chembl_conflict_resolved,llm_curated,1
altumomab,altumomab,chembl_conflict_resolved,llm_curated,1
capromab pendetide,capromab pendetide,chembl_conflict_resolved,llm_curated,1
dtpa,pentetic acid,chembl_conflict_resolved,llm_curated,1
immu-107,clivatuzumab tetraxetan,chembl_conflict_resolved,llm_curated,1
m131ibg,iobenguane i-131,chembl_conflict_resolved,llm_curated,1
sp-304,plecanatide,chembl_conflict_resolved,llm_curated,1
u3-1287,patritumab,chembl_conflict_resolved,llm_curated,1
ux001,aceneuramic acid,chembl_conflict_resolved,llm_curated,1
veletri,epoprostenol sodium,chembl_conflict_resolved,llm_curated,1
vistaril,hydroxyzine,chembl_conflict_resolved,llm_curated,1
hb-201,esepapogene zalarnarepvec,chembl_conflict_resolved,llm_curated,1
hb-202,ninsipapogene sibarnarepvec,chembl_conflict_resolved,llm_curated,1
posluma,flotufolastat f-18,chembl_conflict_resolved,llm_curated,1
typhoid vi polysaccharide vaccine,typhoid vi polysaccharide vaccine,chembl_conflict_resolved,llm_curated,1
huj591,huj591,chembl_conflict_resolved,llm_curated,1
bicillin,penicillin g benzathine,chembl_conflict_resolved,llm_curated,1
percorten,desoxycorticosterone,chembl_conflict_resolved,llm_curated,1
e-3810,lucitanib,chembl_conflict_resolved,llm_curated,1
d-600,gallopamil,chembl_conflict_resolved,llm_curated,1
dl-d-600,gallopamil,chembl_conflict_resolved,llm_curated,1
lu-30-029,gallopamil,chembl_conflict_resolved,llm_curated,1
gallopamil,gallopamil,chembl_conflict_resolved,llm_curated,1
karenitecin,cositecan,chembl_conflict_resolved,llm_curated,1
beta-galactosidase (aspergillus),tilactase,chembl_conflict_resolved,llm_curated,1
g9s0vv191i,tilactase,chembl_conflict_resolved,llm_curated,1
ferric hydroxide,ferric oxyhydroxide,chembl_conflict_resolved,llm_curated,1
unitensen,cryptenamine,chembl_conflict_resolved,llm_curated,1
