raw_substance,n_trials,reason
mL concentrate for solution for infusion,453,only dose/form/unit language remains after stripping
A,374,shorter than 3 characters
-,347,shorter than 3 characters
mL concentrate for solution for infusion.,333,only dose/form/unit language remains after stripping
N,331,shorter than 3 characters
Not available,209,"placeholder text, not a substance"
ml concentrate for solution for infusion,184,only dose/form/unit language remains after stripping
ml,144,shorter than 3 characters
ml Konzentrat zur Herstellung einer Infusionslösung,109,only dose/form/unit language remains after stripping
not available,107,"placeholder text, not a substance"
ml concentrate for solution for infusion.,97,only dose/form/unit language remains after stripping
Not applicable,94,"placeholder text, not a substance"
ml solution for injection,82,only dose/form/unit language remains after stripping
mL solution for injection,81,only dose/form/unit language remains after stripping
infusion,77,only dose/form/unit language remains after stripping
Not yet assigned,61,"placeholder text, not a substance"
mL,56,shorter than 3 characters
"ml, solution à diluer pour perfusion",55,only dose/form/unit language remains after stripping
mL solution for infusion,54,only dose/form/unit language remains after stripping
a,50,shorter than 3 characters
ml Concentrate for Solution for Infusion,50,only dose/form/unit language remains after stripping
Not assigned,49,"placeholder text, not a substance"
ml powder for dispersion for infusion.,48,only dose/form/unit language remains after stripping
ml solution for infusion,48,only dose/form/unit language remains after stripping
n,48,shorter than 3 characters
not applicable,47,"placeholder text, not a substance"
Not yet available,44,"placeholder text, not a substance"
7,42,shorter than 3 characters
Not Applicable,42,"placeholder text, not a substance"
B,37,shorter than 3 characters
ml Injektionslösung,36,only dose/form/unit language remains after stripping
ml concentraat voor oplossing voor infusie,36,only dose/form/unit language remains after stripping
"ml, solution injectable",36,only dose/form/unit language remains after stripping
n.a.,35,only dose/form/unit language remains after stripping
"ml, solution pour perfusion",34,only dose/form/unit language remains after stripping
None,32,"placeholder text, not a substance"
not yet available,32,"placeholder text, not a substance"
pour perfusion,31,only dose/form/unit language remains after stripping
Infusionslösung,28,only dose/form/unit language remains after stripping
Not available yet,28,"placeholder text, not a substance"
Not Available,27,"placeholder text, not a substance"
"mL, solution injectable",27,only dose/form/unit language remains after stripping
not yet assigned,27,"placeholder text, not a substance"
2506,26,only dose/form/unit language remains after stripping
ml oplossing voor injectie,26,only dose/form/unit language remains after stripping
67,24,shorter than 3 characters
"mL, solution à diluer pour perfusion",24,only dose/form/unit language remains after stripping
ml Solution for Injection or Infusion,24,only dose/form/unit language remains after stripping
2004,23,only dose/form/unit language remains after stripping
6.14 mg film-coated tablets,22,only dose/form/unit language remains after stripping
Not established,22,"placeholder text, not a substance"
"ml, oplossing voor injectie",22,only dose/form/unit language remains after stripping
mL oral solution,21,only dose/form/unit language remains after stripping
ml powder for suspension for injection,21,only dose/form/unit language remains after stripping
25 mg film-coated tablets,20,only dose/form/unit language remains after stripping
na,20,shorter than 3 characters
60,19,shorter than 3 characters
8.19 mg film-coated tablets,19,only dose/form/unit language remains after stripping
Infusion,19,only dose/form/unit language remains after stripping
ml - Konzentrat zur Herstellung einer Infusionslösung,19,only dose/form/unit language remains after stripping
ml oral solution,19,only dose/form/unit language remains after stripping
"ml, Injektionslösung",19,only dose/form/unit language remains after stripping
none,19,"placeholder text, not a substance"
v,19,shorter than 3 characters
20,18,shorter than 3 characters
ml Solution for Injection,18,only dose/form/unit language remains after stripping
not assigned,18,"placeholder text, not a substance"
not established,18,"placeholder text, not a substance"
infusie,17,only dose/form/unit language remains after stripping
not available yet,17,"placeholder text, not a substance"
1 ml concentrate for solution for infusion,16,only dose/form/unit language remains after stripping
ml Infusionslösung,16,only dose/form/unit language remains after stripping
200 mg,15,only dose/form/unit language remains after stripping
600 mg solution for injection,15,only dose/form/unit language remains after stripping
mL dispersion for infusion,15,only dose/form/unit language remains after stripping
"ml injektionsvätska, lösning",14,only dose/form/unit language remains after stripping
361,13,only dose/form/unit language remains after stripping
Not assigned yet,13,"placeholder text, not a substance"
"ml, concentraat voor oplossing voor infusie",13,only dose/form/unit language remains after stripping
0.67 ml solution for injection in pre-filled syringe.,12,only dose/form/unit language remains after stripping
300 mg film-coated tablets,12,only dose/form/unit language remains after stripping
59,12,shorter than 3 characters
Not Assigned,12,"placeholder text, not a substance"
ml solución inyectable,12,only dose/form/unit language remains after stripping
not assigned yet,12,"placeholder text, not a substance"
3,11,shorter than 3 characters
Not yet established,11,"placeholder text, not a substance"
mL solution for injection in pre-filled syringe,11,only dose/form/unit language remains after stripping
ml solution injectable,11,only dose/form/unit language remains after stripping
not yet established,11,"placeholder text, not a substance"
2008,10,only dose/form/unit language remains after stripping
716,10,only dose/form/unit language remains after stripping
N.A.,10,only dose/form/unit language remains after stripping
mL powder for suspension for injection,10,only dose/form/unit language remains after stripping
ml concentrate for dispersion for infusion,10,only dose/form/unit language remains after stripping
"ml, Konzentrat zur Herstellung einer Infusionslösung",10,only dose/form/unit language remains after stripping
.,9,shorter than 3 characters
25 g solution for infusion,9,only dose/form/unit language remains after stripping
4 ml concentrate for solution for infusion,9,only dose/form/unit language remains after stripping
Not Yet Assigned,9,"placeholder text, not a substance"
g,9,shorter than 3 characters
ml Concentrate for Solution for Injection or Infusion,9,only dose/form/unit language remains after stripping
1,8,shorter than 3 characters
"1 ml, solution injectable",8,only dose/form/unit language remains after stripping
"2 mL, solution injectable",8,only dose/form/unit language remains after stripping
30 mL concentrate for solution for infusion,8,only dose/form/unit language remains after stripping
3073,8,only dose/form/unit language remains after stripping
"ml Infusionslösung, Konzentrat zur Herstellung einer Infusionslösung",8,only dose/form/unit language remains after stripping
ml Injection,8,only dose/form/unit language remains after stripping
ml Intravenous Infusion,8,only dose/form/unit language remains after stripping
"ml injeksjonsvæske, oppløsning",8,only dose/form/unit language remains after stripping
ml solution à diluer pour perfusion,8,only dose/form/unit language remains after stripping
"ml, oplossing voor injectie of infusie",8,only dose/form/unit language remains after stripping
0.5 mL solution for injection,7,only dose/form/unit language remains after stripping
100 mg powder for concentrate for solution for infusion.,7,only dose/form/unit language remains after stripping
"2 ml, solution injectable",7,only dose/form/unit language remains after stripping
245 mg film-coated tablets,7,only dose/form/unit language remains after stripping
25 mg,7,only dose/form/unit language remains after stripping
50,7,shorter than 3 characters
7.2 micrograms,7,only dose/form/unit language remains after stripping
g ointment,7,only dose/form/unit language remains after stripping
mL solution for injection in a vial,7,only dose/form/unit language remains after stripping
ml powder for oral solution.,7,only dose/form/unit language remains after stripping
ml solution for injection in pre-filled syringe,7,only dose/form/unit language remains after stripping
ml solution for injection in vial,7,only dose/form/unit language remains after stripping
ml),7,only dose/form/unit language remains after stripping
"ml, injectievloeistof",7,only dose/form/unit language remains after stripping
"ml, solution for injection",7,only dose/form/unit language remains after stripping
"ml, solution injectable pour perfusion",7,only dose/form/unit language remains after stripping
0.5 ml solution for injection or infusion in pre-filled syringe,6,only dose/form/unit language remains after stripping
1 mL Solution for injection in pre-filled syringe,6,only dose/form/unit language remains after stripping
"10 mL, solution injectable",6,only dose/form/unit language remains after stripping
10 mg film-coated tablets,6,only dose/form/unit language remains after stripping
100 ml solution for infusion,6,only dose/form/unit language remains after stripping
2,6,shorter than 3 characters
254,6,only dose/form/unit language remains after stripping
50 mg,6,only dose/form/unit language remains after stripping
Unknown,6,"placeholder text, not a substance"
g Gel,6,only dose/form/unit language remains after stripping
g cream,6,only dose/form/unit language remains after stripping
"ml injektioneste, liuos",6,only dose/form/unit language remains after stripping
ml oplossing voor infusie,6,only dose/form/unit language remains after stripping
ml powder for solution for injection,6,only dose/form/unit language remains after stripping
"ml, poudre pour solution pour perfusion",6,only dose/form/unit language remains after stripping
vial,6,only dose/form/unit language remains after stripping
0.4,5,only dose/form/unit language remains after stripping
0.5 mL solution for injection in pre-filled syringe,5,only dose/form/unit language remains after stripping
0.5 mg hard capsules,5,only dose/form/unit language remains after stripping
02,5,shorter than 3 characters
03,5,shorter than 3 characters
10,5,shorter than 3 characters
100 mg film-coated tablets,5,only dose/form/unit language remains after stripping
103 mg film-coated tablets,5,only dose/form/unit language remains after stripping
16,5,shorter than 3 characters
"20 ml, solution à diluer pour perfusion",5,only dose/form/unit language remains after stripping
26 mg film-coated tablets,5,only dose/form/unit language remains after stripping
3 mL concentrate for solution for infusion,5,only dose/form/unit language remains after stripping
4 ml Konzentrat zur Herstellung einer Infusionslösung,5,only dose/form/unit language remains after stripping
51 mg film-coated tablets,5,only dose/form/unit language remains after stripping
80 mg concentrate for solution for infusion,5,only dose/form/unit language remains after stripping
Not known,5,"placeholder text, not a substance"
mL oral suspension,5,only dose/form/unit language remains after stripping
mL powder for oral solution,5,only dose/form/unit language remains after stripping
ml Injection.,5,only dose/form/unit language remains after stripping
ml Pulver zur Herstellung einer Infusionslösung,5,only dose/form/unit language remains after stripping
0.36 mL solution for injection,4,only dose/form/unit language remains after stripping
0.5 g powder for concentrate for solution for infusion,4,only dose/form/unit language remains after stripping
0.5 mL concentrate for solution for infusion,4,only dose/form/unit language remains after stripping
0.72 mL solution for injection,4,only dose/form/unit language remains after stripping
0.8 ml solution for injection,4,only dose/form/unit language remains after stripping
1),4,shorter than 3 characters
1.5 mL solution for injection in pre-filled syringe,4,only dose/form/unit language remains after stripping
10 mg,4,only dose/form/unit language remains after stripping
11 mL concentrate for solution for infusion,4,only dose/form/unit language remains after stripping
11.8 mg hard capsules,4,only dose/form/unit language remains after stripping
2007,4,only dose/form/unit language remains after stripping
210,4,only dose/form/unit language remains after stripping
300 mg,4,only dose/form/unit language remains after stripping
4.35 mg,4,only dose/form/unit language remains after stripping
5 micrograms,4,only dose/form/unit language remains after stripping
5 ml powder for oral suspension,4,only dose/form/unit language remains after stripping
50 mg film-coated tablets,4,only dose/form/unit language remains after stripping
5ml,4,only dose/form/unit language remains after stripping
ML,4,shorter than 3 characters
To be determined,4,"placeholder text, not a substance"
m,4,shorter than 3 characters
ml  Injektionslösung,4,only dose/form/unit language remains after stripping
ml + 5 mg,4,only dose/form/unit language remains after stripping
ml oral suspension,4,only dose/form/unit language remains after stripping
ml solution for subcutaneous injection,4,only dose/form/unit language remains after stripping
ml solution à diluer pour injection ou perfusion,4,only dose/form/unit language remains after stripping
ml solution à diluer pour perfusion.,4,only dose/form/unit language remains after stripping
"ml), émulsion injectable ou pour perfusion",4,only dose/form/unit language remains after stripping
"ml, solution à diluer pour perfusion.",4,only dose/form/unit language remains after stripping
0.4 mL solution for injection in pre-filled syringe,3,only dose/form/unit language remains after stripping
1.08 mL solution for injection,3,only dose/form/unit language remains after stripping
10 Solution,3,only dose/form/unit language remains after stripping
1ml Solution injectable,3,only dose/form/unit language remains after stripping
2 mL Solution for injection in pre-filled syringe,3,only dose/form/unit language remains after stripping
"2 mL, solution à diluer pour perfusion",3,only dose/form/unit language remains after stripping
2 ml solution for injection,3,only dose/form/unit language remains after stripping
2 ml solution à diluer pour perfusion,3,only dose/form/unit language remains after stripping
"25 ml, solution injectable",3,only dose/form/unit language remains after stripping
2570,3,only dose/form/unit language remains after stripping
2ml,3,only dose/form/unit language remains after stripping
4,3,shorter than 3 characters
40 mg,3,only dose/form/unit language remains after stripping
4801,3,only dose/form/unit language remains after stripping
"5 mL, solution injectable",3,only dose/form/unit language remains after stripping
"5 ml, solution injectable en ampoule",3,only dose/form/unit language remains after stripping
5ml Oral Solution,3,only dose/form/unit language remains after stripping
600 mg,3,only dose/form/unit language remains after stripping
8 ml concentrate for solution for infusion,3,only dose/form/unit language remains after stripping
INN not available,3,"placeholder text, not a substance"
IV),3,only dose/form/unit language remains after stripping
"L, solution pour perfusion",3,only dose/form/unit language remains after stripping
ML + 4 MG,3,only dose/form/unit language remains after stripping
N.A,3,only dose/form/unit language remains after stripping
ND,3,shorter than 3 characters
Not established yet,3,"placeholder text, not a substance"
To be confirmed,3,"placeholder text, not a substance"
dose,3,"placeholder text, not a substance"
"dose, poudre pour inhalation",3,only dose/form/unit language remains after stripping
"g, gel",3,only dose/form/unit language remains after stripping
h transdermal patch,3,only dose/form/unit language remains after stripping
infusion.,3,only dose/form/unit language remains after stripping
kg,3,shorter than 3 characters
mL suspension for injection,3,only dose/form/unit language remains after stripping
ml Injection BP,3,only dose/form/unit language remains after stripping
ml Solution for Injection.,3,only dose/form/unit language remains after stripping
ml Solution à diluer pour perfusion,3,only dose/form/unit language remains after stripping
ml concentraat voor oplossing voor infusie.,3,only dose/form/unit language remains after stripping
ml concentraat voor oplossing voor injectie of infusie,3,only dose/form/unit language remains after stripping
ml concentrate for Solution for Infusion,3,only dose/form/unit language remains after stripping
ml oplossing voor injectie of infusie,3,only dose/form/unit language remains after stripping
ml orale Lösung,3,only dose/form/unit language remains after stripping
ml poudre pour solution à diluer pour perfusion,3,only dose/form/unit language remains after stripping
ml powder for oral solution,3,only dose/form/unit language remains after stripping
ml solution for infusion for subcutaneous use,3,only dose/form/unit language remains after stripping
ml концентрат за инжекционен или инфузионен разтвор,3,only dose/form/unit language remains after stripping
ml – Konzentrat zur Herstellung einer Infusionslösung,3,only dose/form/unit language remains after stripping
"ml, concentrate for solution for infusion.",3,only dose/form/unit language remains after stripping
"ml, injektionsvätska, lösning",3,only dose/form/unit language remains after stripping
"ml, solution à diluer pour solution injectable",3,only dose/form/unit language remains after stripping
ml.,3,only dose/form/unit language remains after stripping
n.a,3,only dose/form/unit language remains after stripping
"spray, nasal spray suspension",3,only dose/form/unit language remains after stripping
tablet,3,only dose/form/unit language remains after stripping
to be confirmed,3,"placeholder text, not a substance"
to be determined,3,"placeholder text, not a substance"
v Solution for Infusion,3,only dose/form/unit language remains after stripping
v),3,shorter than 3 characters
vial.,3,only dose/form/unit language remains after stripping
w,3,shorter than 3 characters
Флударабин Актавис 25 mg,3,only dose/form/unit language remains after stripping
--,2,shorter than 3 characters
0,2,shorter than 3 characters
"0,25 g poeder voor oplossing voor infusie",2,only dose/form/unit language remains after stripping
"0,5 g Pulver zur Herstellung einer Infusionslösung",2,only dose/form/unit language remains after stripping
0.5 ml Solution for injection,2,only dose/form/unit language remains after stripping
0.5 ml solution for injection.,2,only dose/form/unit language remains after stripping
0.5g) Powder for Concentrate for Solution for Infusion,2,only dose/form/unit language remains after stripping
0.75 mL solution for injection,2,only dose/form/unit language remains after stripping
00179301,2,only dose/form/unit language remains after stripping
06,2,shorter than 3 characters
1 g powder for concentrate for solution for infusion,2,only dose/form/unit language remains after stripping
1 mL concentrate for solution for infusion,2,only dose/form/unit language remains after stripping
1 mL solution for injection in a pre-filled syringe,2,only dose/form/unit language remains after stripping
"1 ml, oplossing voor injectie",2,only dose/form/unit language remains after stripping
"1 ml, solution injectable en ampoule",2,only dose/form/unit language remains after stripping
"1 ml, solution à diluer pour perfusion",2,only dose/form/unit language remains after stripping
1.5 mL Solution for injection in vial,2,only dose/form/unit language remains after stripping
10 ml Injektionslösung,2,only dose/form/unit language remains after stripping
100 ml,2,only dose/form/unit language remains after stripping
100 ml Intravenous Infusion,2,only dose/form/unit language remains after stripping
100ml Infusionslösung,2,only dose/form/unit language remains after stripping
100ml Solution for Infusion,2,only dose/form/unit language remains after stripping
120 mg,2,only dose/form/unit language remains after stripping
1359417,2,only dose/form/unit language remains after stripping
14.2 mg film-coated tablets,2,only dose/form/unit language remains after stripping
15,2,shorter than 3 characters
15 micrograms),2,only dose/form/unit language remains after stripping
150 mg,2,only dose/form/unit language remains after stripping
158,2,only dose/form/unit language remains after stripping
1mL Solution for injection in pre-filled syringe,2,only dose/form/unit language remains after stripping
2 ml Injektionslösung,2,only dose/form/unit language remains after stripping
"2,5 mL, solution injectable",2,only dose/form/unit language remains after stripping
20 mg,2,only dose/form/unit language remains after stripping
2006,2,only dose/form/unit language remains after stripping
2009,2,only dose/form/unit language remains after stripping
2010,2,only dose/form/unit language remains after stripping
25mg,2,only dose/form/unit language remains after stripping
30 mg tablets,2,only dose/form/unit language remains after stripping
4.5 micrograms inhalation powder,2,only dose/form/unit language remains after stripping
4217,2,only dose/form/unit language remains after stripping
45,2,shorter than 3 characters
5 mg,2,only dose/form/unit language remains after stripping
5 ml,2,only dose/form/unit language remains after stripping
"5 ml, solution injectable",2,only dose/form/unit language remains after stripping
500 mg Pulver zur Herstellung einer Infusionslösung,2,only dose/form/unit language remains after stripping
52,2,shorter than 3 characters
57 mg,2,only dose/form/unit language remains after stripping
6,2,shorter than 3 characters
615258-40-7,2,only dose/form/unit language remains after stripping
719-20,2,only dose/form/unit language remains after stripping
725,2,only dose/form/unit language remains after stripping
728,2,only dose/form/unit language remains after stripping
8 ml Konzentrat zur Herstellung einer Infusionslösung,2,only dose/form/unit language remains after stripping
80 mg comprimidos,2,only dose/form/unit language remains after stripping
800mg Tablets,2,only dose/form/unit language remains after stripping
9,2,shorter than 3 characters
90 mg prolonged-release tablets,2,only dose/form/unit language remains after stripping
An A,2,only dose/form/unit language remains after stripping
DC,2,shorter than 3 characters
INN not available yet,2,"placeholder text, not a substance"
INN not yet assigned,2,"placeholder text, not a substance"
Kg,2,shorter than 3 characters
Konzentrat zur Herstellung einer Infusionslösung,2,only dose/form/unit language remains after stripping
N8,2,shorter than 3 characters
Not applicable at this stage,2,"placeholder text, not a substance"
Not yet assigned.,2,"placeholder text, not a substance"
S,2,shorter than 3 characters
TO BE DETERMINED,2,"placeholder text, not a substance"
Tablet,2,only dose/form/unit language remains after stripping
To Be Determined,2,"placeholder text, not a substance"
_,2,shorter than 3 characters
g granules,2,only dose/form/unit language remains after stripping
granules for suspension,2,only dose/form/unit language remains after stripping
infusion or oral solution,2,only dose/form/unit language remains after stripping
l,2,shorter than 3 characters
mL + 2 mg,2,only dose/form/unit language remains after stripping
mL solution for injection in pre-filled syringe.,2,only dose/form/unit language remains after stripping
mL solution for injection in vial,2,only dose/form/unit language remains after stripping
"ml
Injektionslösung",2,only dose/form/unit language remains after stripping
"ml
Konzentrat zur Herstellung einer Infusionslösung",2,only dose/form/unit language remains after stripping
"ml (0,5 mmol",2,only dose/form/unit language remains after stripping
ml Concentrate for Solution for infusion,2,only dose/form/unit language remains after stripping
ml Infusionslsung,2,only dose/form/unit language remains after stripping
ml Oplossing voor injectie,2,only dose/form/unit language remains after stripping
ml Solución Inyectable,2,only dose/form/unit language remains after stripping
ml Solution for Infusion,2,only dose/form/unit language remains after stripping
ml Solution for injection or infusion,2,only dose/form/unit language remains after stripping
ml concentrate for solution for Infusion,2,only dose/form/unit language remains after stripping
"ml injektionsvätska, suspension",2,only dose/form/unit language remains after stripping
ml oplossing voor injectie.,2,only dose/form/unit language remains after stripping
"ml oral drops, solution",2,only dose/form/unit language remains after stripping
ml powder for dispersion for infusion,2,only dose/form/unit language remains after stripping
ml solución inyectable.,2,only dose/form/unit language remains after stripping
ml solución oral,2,only dose/form/unit language remains after stripping
ml solution,2,only dose/form/unit language remains after stripping
ml solution pour perfusion,2,only dose/form/unit language remains after stripping
ml solution à diluer pour solution injectable,2,only dose/form/unit language remains after stripping
"ml, Pulver zur Herstellung einer Infusionslösung.",2,only dose/form/unit language remains after stripping
"ml, oplossing voor infusie",2,only dose/form/unit language remains after stripping
"ml, solution for infusion",2,only dose/form/unit language remains after stripping
"ml, solution for injection or concentrate for solution for infusion.",2,only dose/form/unit language remains after stripping
"ml, solution injectable en ampoule",2,only dose/form/unit language remains after stripping
"ml, solution à diluer pour de perfusion",2,only dose/form/unit language remains after stripping
not established yet,2,"placeholder text, not a substance"
perfusion,2,only dose/form/unit language remains after stripping
r,2,shorter than 3 characters
v Intravenous Infusion BP Solution for Infusion,2,only dose/form/unit language remains after stripping
vial concentrate for solution for infusion,2,only dose/form/unit language remains after stripping
έχχυση,2,only dose/form/unit language remains after stripping
ү,2,shorter than 3 characters
- -,1,only dose/form/unit language remains after stripping
---,1,only dose/form/unit language remains after stripping
0 mg,1,only dose/form/unit language remains after stripping
"0,1 ml Pulver zur Herstellung einer Injektionslösung",1,only dose/form/unit language remains after stripping
"0,15 mg",1,only dose/form/unit language remains after stripping
"0,4",1,only dose/form/unit language remains after stripping
"0,4 6",1,only dose/form/unit language remains after stripping
"0,5 g - Pulver zur Herstellung einer Infusionslösung",1,only dose/form/unit language remains after stripping
"0,5 g poeder voor oplossing voor infusie",1,only dose/form/unit language remains after stripping
"0,5 g, poudre pour solution pour perfusion",1,only dose/form/unit language remains after stripping
"0,5 ml, solution injectable",1,only dose/form/unit language remains after stripping
"0,5g",1,only dose/form/unit language remains after stripping
"0,8 ml, solution injectable",1,only dose/form/unit language remains after stripping
"0.1 ml, Powder for solution for injection",1,only dose/form/unit language remains after stripping
0.18 mL solution for injection,1,only dose/form/unit language remains after stripping
0.20ml,1,only dose/form/unit language remains after stripping
0.4 ML solution for injection in a pre-filled syringe,1,only dose/form/unit language remains after stripping
0.42,1,only dose/form/unit language remains after stripping
0.5,1,only dose/form/unit language remains after stripping
"0.5 g, powder for solution for infusion",1,only dose/form/unit language remains after stripping
0.5 mL,1,only dose/form/unit language remains after stripping
0.5 mL solution for injection in a pre-filled syringe,1,only dose/form/unit language remains after stripping
0.5 mL solution for injection.,1,only dose/form/unit language remains after stripping
0.5 ml,1,only dose/form/unit language remains after stripping
0.5 ml solution for injection,1,only dose/form/unit language remains after stripping
0.5mL,1,only dose/form/unit language remains after stripping
"0.5mL, solution for injection",1,only dose/form/unit language remains after stripping
0.5ml,1,only dose/form/unit language remains after stripping
0.6 ML solution for injection in a pre-filled syringe,1,only dose/form/unit language remains after stripping
0.6 mL solution for injection in pre-filled syringe,1,only dose/form/unit language remains after stripping
"0.6 ml solution for injection, pre-filled syringe.",1,only dose/form/unit language remains after stripping
0.75 ML solution for injection in a pre-filled syringe,1,only dose/form/unit language remains after stripping
0.9ml solution for injection in pre-filled syringe,1,only dose/form/unit language remains after stripping
00 mL Solution for injection in pre-filled syringe,1,only dose/form/unit language remains after stripping
00 mg,1,only dose/form/unit language remains after stripping
00033201,1,only dose/form/unit language remains after stripping
00056400,1,only dose/form/unit language remains after stripping
001-004,1,only dose/form/unit language remains after stripping
00128200,1,only dose/form/unit language remains after stripping
00165902,1,only dose/form/unit language remains after stripping
00166201,1,only dose/form/unit language remains after stripping
00171300,1,only dose/form/unit language remains after stripping
00179300,1,only dose/form/unit language remains after stripping
00244301,1,only dose/form/unit language remains after stripping
00248000,1,only dose/form/unit language remains after stripping
00249750,1,only dose/form/unit language remains after stripping
00250700,1,only dose/form/unit language remains after stripping
00259300,1,only dose/form/unit language remains after stripping
00316000,1,only dose/form/unit language remains after stripping
00318900,1,only dose/form/unit language remains after stripping
00320700,1,only dose/form/unit language remains after stripping
00323700,1,only dose/form/unit language remains after stripping
00326700,1,only dose/form/unit language remains after stripping
00326900,1,only dose/form/unit language remains after stripping
00327100,1,only dose/form/unit language remains after stripping
00329000,1,only dose/form/unit language remains after stripping
00330300,1,only dose/form/unit language remains after stripping
00330800,1,only dose/form/unit language remains after stripping
00622300,1,only dose/form/unit language remains after stripping
00633500,1,only dose/form/unit language remains after stripping
00795700,1,only dose/form/unit language remains after stripping
011368 001 01,1,only dose/form/unit language remains after stripping
04,1,shorter than 3 characters
042,1,only dose/form/unit language remains after stripping
08,1,shorter than 3 characters
0845,1,only dose/form/unit language remains after stripping
1 ML solution for injection in a pre-filled syringe,1,only dose/form/unit language remains after stripping
1 g cream,1,only dose/form/unit language remains after stripping
1 g ointment,1,only dose/form/unit language remains after stripping
1 mL,1,only dose/form/unit language remains after stripping
1 mL Concentrate for solution for infusion,1,only dose/form/unit language remains after stripping
1 mL Solution for Injection,1,only dose/form/unit language remains after stripping
1 mL Solution for infusion,1,only dose/form/unit language remains after stripping
1 mL Solution for injection,1,only dose/form/unit language remains after stripping
1 mL concentrate for solution for injection,1,only dose/form/unit language remains after stripping
1 mL),1,only dose/form/unit language remains after stripping
"1 mL, suspension injectable en flacon",1,only dose/form/unit language remains after stripping
1 mg,1,only dose/form/unit language remains after stripping
1 ml Konzentrat zur Herstellung einer Infusionslösung,1,only dose/form/unit language remains after stripping
1 ml Solution for injection,1,only dose/form/unit language remains after stripping
1 ml Solution for injection:,1,only dose/form/unit language remains after stripping
1 ml Solution injectable,1,only dose/form/unit language remains after stripping
1 ml Suspension Injectable,1,only dose/form/unit language remains after stripping
1 ml oplossing voor injectie,1,only dose/form/unit language remains after stripping
1 ml solution for injection,1,only dose/form/unit language remains after stripping
1 ml solution injectable,1,only dose/form/unit language remains after stripping
"1 ml, Konzentrat zur Herstellung einer Infusionslösung",1,only dose/form/unit language remains after stripping
"1,000 mg film-coated tablets",1,only dose/form/unit language remains after stripping
"1,3",1,only dose/form/unit language remains after stripping
1-22525,1,only dose/form/unit language remains after stripping
1.08 ml solution for injection,1,only dose/form/unit language remains after stripping
1.25 mg),1,only dose/form/unit language remains after stripping
1.5 mL solution for injection,1,only dose/form/unit language remains after stripping
1.5ml,1,only dose/form/unit language remains after stripping
10 mL prolonged-release dispersion for injection,1,only dose/form/unit language remains after stripping
"10 mL, Solution for Injection",1,only dose/form/unit language remains after stripping
10 mg επικαλυμμένα με λεπτό υμένιο δισκία,1,only dose/form/unit language remains after stripping
10 ml,1,only dose/form/unit language remains after stripping
"10 ml, solution for injection (50 micrograms",1,only dose/form/unit language remains after stripping
"10 ml, solution injectable",1,only dose/form/unit language remains after stripping
"10 ml, solution injectable pour perfusion",1,only dose/form/unit language remains after stripping
10-mg,1,only dose/form/unit language remains after stripping
10.000 IU,1,only dose/form/unit language remains after stripping
100,1,only dose/form/unit language remains after stripping
100 Mikrogramm,1,only dose/form/unit language remains after stripping
100 micrograms,1,only dose/form/unit language remains after stripping
100 ml solution pour perfusion,1,only dose/form/unit language remains after stripping
"100 ml, solution à diluer pour perfusion",1,only dose/form/unit language remains after stripping
1000ml,1,only dose/form/unit language remains after stripping
100mL,1,only dose/form/unit language remains after stripping
100ml solution for infusion,1,only dose/form/unit language remains after stripping
103 mg,1,only dose/form/unit language remains after stripping
1073,1,only dose/form/unit language remains after stripping
10mg,1,only dose/form/unit language remains after stripping
10ml,1,only dose/form/unit language remains after stripping
10ml oplossing voor injectie,1,only dose/form/unit language remains after stripping
119302-91-9,1,only dose/form/unit language remains after stripping
1194,1,only dose/form/unit language remains after stripping
12 micrograms,1,only dose/form/unit language remains after stripping
12 micrograms inhalation powder,1,only dose/form/unit language remains after stripping
"12, 400 microgram",1,only dose/form/unit language remains after stripping
1299,1,only dose/form/unit language remains after stripping
"13,6 mg",1,only dose/form/unit language remains after stripping
"136 micrograms inhalation powder, hard capsules",1,only dose/form/unit language remains after stripping
139481-59-7,1,only dose/form/unit language remains after stripping
146368,1,only dose/form/unit language remains after stripping
15 mg,1,only dose/form/unit language remains after stripping
15 mg film-coated tablets,1,only dose/form/unit language remains after stripping
150 mg film-coated tablets,1,only dose/form/unit language remains after stripping
150 mg filmcoated tablets,1,only dose/form/unit language remains after stripping
15ml,1,only dose/form/unit language remains after stripping
16 ml,1,only dose/form/unit language remains after stripping
160 mg hard capsules,1,only dose/form/unit language remains after stripping
"160 mg, comprimé",1,only dose/form/unit language remains after stripping
18,1,shorter than 3 characters
1mL solution for infusion,1,only dose/form/unit language remains after stripping
1mL solution for injection in pre-filled syringe,1,only dose/form/unit language remains after stripping
1ml,1,only dose/form/unit language remains after stripping
1ml Oplossing voor injectie,1,only dose/form/unit language remains after stripping
1ml solution injectable,1,only dose/form/unit language remains after stripping
"2 mL), solution injectable",1,only dose/form/unit language remains after stripping
2 ml (30 IU) solution for injection.,1,only dose/form/unit language remains after stripping
2 ml Injection.,1,only dose/form/unit language remains after stripping
2 ml Konzentrat zur Herstellung einer Injektionslösung,1,only dose/form/unit language remains after stripping
2 ml solution injectable,1,only dose/form/unit language remains after stripping
"2 ml, solution injectable en ampoule",1,only dose/form/unit language remains after stripping
"2,5ml, solution injectable (IM",1,only dose/form/unit language remains after stripping
2.5 g solution for inhalation,1,only dose/form/unit language remains after stripping
2.5 mg,1,only dose/form/unit language remains after stripping
"2.5ml, διάλυμα για εισπνοή μέσω εκνεφωτή",1,only dose/form/unit language remains after stripping
"20 mL, Solution for Injection",1,only dose/form/unit language remains after stripping
200,1,only dose/form/unit language remains after stripping
200 mg poeder voor oplossing voor infusie,1,only dose/form/unit language remains after stripping
200 mg poudre pour solution pour perfusion,1,only dose/form/unit language remains after stripping
200-555-0,1,only dose/form/unit language remains after stripping
2002,1,only dose/form/unit language remains after stripping
2003,1,only dose/form/unit language remains after stripping
2005,1,only dose/form/unit language remains after stripping
200mL,1,only dose/form/unit language remains after stripping
2013,1,only dose/form/unit language remains after stripping
2017,1,only dose/form/unit language remains after stripping
2021,1,only dose/form/unit language remains after stripping
20mg),1,only dose/form/unit language remains after stripping
20ml,1,only dose/form/unit language remains after stripping
20ml Injektionslsung,1,only dose/form/unit language remains after stripping
21 mcg,1,only dose/form/unit language remains after stripping
213mg,1,only dose/form/unit language remains after stripping
21mcg,1,only dose/form/unit language remains after stripping
"22,7 mg",1,only dose/form/unit language remains after stripping
22085,1,only dose/form/unit language remains after stripping
25 mcg,1,only dose/form/unit language remains after stripping
25 mg tabletter,1,only dose/form/unit language remains after stripping
"25 ml, solution injectable pour perfusion",1,only dose/form/unit language remains after stripping
"25 ml, solution à diluer pour perfusion",1,only dose/form/unit language remains after stripping
250 Mikrogramm,1,only dose/form/unit language remains after stripping
250 mg,1,only dose/form/unit language remains after stripping
250 microgram,1,only dose/form/unit language remains after stripping
250ml,1,only dose/form/unit language remains after stripping
26mg,1,only dose/form/unit language remains after stripping
274693-27-5,1,only dose/form/unit language remains after stripping
2933.79,1,only dose/form/unit language remains after stripping
2g,1,shorter than 3 characters
2mL Solution for injection in pre-filled syringe,1,only dose/form/unit language remains after stripping
2mL solution for injection in pre-filled syringe,1,only dose/form/unit language remains after stripping
"2ml, concentraat voor oplossing voor infusie",1,only dose/form/unit language remains after stripping
2w,1,shorter than 3 characters
3 Inhaler 5 mg,1,only dose/form/unit language remains after stripping
3 ml ενέσιμο διάλυμα,1,only dose/form/unit language remains after stripping
"3 ml, solution injectable",1,only dose/form/unit language remains after stripping
"3 ml, solution injectable en ampoule (IV)",1,only dose/form/unit language remains after stripping
3.33ml solution for infusion,1,only dose/form/unit language remains after stripping
30,1,shorter than 3 characters
"30 mg, comprimé",1,only dose/form/unit language remains after stripping
30 ml Injektionslösung,1,only dose/form/unit language remains after stripping
312-93-6,1,only dose/form/unit language remains after stripping
316,1,only dose/form/unit language remains after stripping
33,1,shorter than 3 characters
3400957825331,1,only dose/form/unit language remains after stripping
364622-82-2,1,only dose/form/unit language remains after stripping
"37,5mg",1,only dose/form/unit language remains after stripping
37.5 mg granules for oral solution,1,only dose/form/unit language remains after stripping
"38,6 mg",1,only dose/form/unit language remains after stripping
38396-39-3,1,only dose/form/unit language remains after stripping
3mL solution for injection.,1,only dose/form/unit language remains after stripping
4 mg film-coated tablets,1,only dose/form/unit language remains after stripping
4 ml Injektionslösung,1,only dose/form/unit language remains after stripping
"4 ml injeksjonsvæske, oppløsning",1,only dose/form/unit language remains after stripping
4 ml solution for injection for intramuscular use,1,only dose/form/unit language remains after stripping
4 ml – Ampulle,1,only dose/form/unit language remains after stripping
"4 ml, solution injectable",1,only dose/form/unit language remains after stripping
"4 ml, solution à diluer pour perfusion",1,only dose/form/unit language remains after stripping
4.000 IU,1,only dose/form/unit language remains after stripping
40 mg comprimidos,1,only dose/form/unit language remains after stripping
40 mg tablets,1,only dose/form/unit language remains after stripping
40.000 IU,1,only dose/form/unit language remains after stripping
400 mg comprimidos.,1,only dose/form/unit language remains after stripping
400mg Tablets,1,only dose/form/unit language remains after stripping
43 micrograms inhalation powder hard capsules,1,only dose/form/unit language remains after stripping
442,1,only dose/form/unit language remains after stripping
45 ml Infusionslösung,1,only dose/form/unit language remains after stripping
45 ml oplossing voor infusie,1,only dose/form/unit language remains after stripping
45 ml solution pour perfusion,1,only dose/form/unit language remains after stripping
450 mg δισκία,1,only dose/form/unit language remains after stripping
46 micrograms,1,only dose/form/unit language remains after stripping
5,1,shorter than 3 characters
5 mg επικαλυμμένα με λεπτό υμένιο δισκία,1,only dose/form/unit language remains after stripping
5 ml : solution injectable en ampoule,1,only dose/form/unit language remains after stripping
"5 ml I.V., solution injectable",1,only dose/form/unit language remains after stripping
5 ml Πόσιμο Διάλυμα,1,only dose/form/unit language remains after stripping
"5 ml, Konzentrat zur Herstellung einer Infusionslösung",1,only dose/form/unit language remains after stripping
"5 ml, solution injectable (I.V.)",1,only dose/form/unit language remains after stripping
"5 ml, solution injectable I.V. en ampoule",1,only dose/form/unit language remains after stripping
"5 ml, solution injectable pour perfusion",1,only dose/form/unit language remains after stripping
5-Флуороурацил Ебеве 50 mg,1,only dose/form/unit language remains after stripping
50 ml Injektionslösung,1,only dose/form/unit language remains after stripping
"50 ml, Infusionslösung",1,only dose/form/unit language remains after stripping
500,1,only dose/form/unit language remains after stripping
500 Mikrogramm,1,only dose/form/unit language remains after stripping
500 mg film-coated tablets,1,only dose/form/unit language remains after stripping
"500 mg, poudre pour solution pour perfusion.",1,only dose/form/unit language remains after stripping
500ml,1,only dose/form/unit language remains after stripping
50mcg inhalation powder,1,only dose/form/unit language remains after stripping
50mg,1,only dose/form/unit language remains after stripping
51-43-4,1,only dose/form/unit language remains after stripping
51mg,1,only dose/form/unit language remains after stripping
52-26-6,1,only dose/form/unit language remains after stripping
54143-56-5,1,only dose/form/unit language remains after stripping
55 micrograms,1,only dose/form/unit language remains after stripping
5561,1,only dose/form/unit language remains after stripping
559,1,only dose/form/unit language remains after stripping
5mL oral suspension,1,only dose/form/unit language remains after stripping
5ml Oral solution,1,only dose/form/unit language remains after stripping
5ml solution for injection,1,only dose/form/unit language remains after stripping
6 mg film-coated tablets,1,only dose/form/unit language remains after stripping
6 micrograms,1,only dose/form/unit language remains after stripping
600,1,only dose/form/unit language remains after stripping
60452.00.00,1,only dose/form/unit language remains after stripping
6096046.00.00,1,only dose/form/unit language remains after stripping
60ml oral solution,1,only dose/form/unit language remains after stripping
64678.00.00,1,only dose/form/unit language remains after stripping
65000 IU,1,only dose/form/unit language remains after stripping
682487,1,only dose/form/unit language remains after stripping
68510,1,only dose/form/unit language remains after stripping
70,1,shorter than 3 characters
70 Mg,1,only dose/form/unit language remains after stripping
71,1,shorter than 3 characters
71597,1,only dose/form/unit language remains after stripping
760981-83-7,1,only dose/form/unit language remains after stripping
7643,1,only dose/form/unit language remains after stripping
788,1,only dose/form/unit language remains after stripping
8 ml concentrate for solution for infusion.,1,only dose/form/unit language remains after stripping
80 mg,1,only dose/form/unit language remains after stripping
80 mg Tabletten,1,only dose/form/unit language remains after stripping
80 mg tabletter,1,only dose/form/unit language remains after stripping
800 mg Tablets,1,only dose/form/unit language remains after stripping
800 mg tabletten,1,only dose/form/unit language remains after stripping
800 mg tabletter,1,only dose/form/unit language remains after stripping
80mg,1,only dose/form/unit language remains after stripping
81030-75-3,1,only dose/form/unit language remains after stripping
8204,1,only dose/form/unit language remains after stripping
850 mg film-coated tablets,1,only dose/form/unit language remains after stripping
868540-17-4 L,1,only dose/form/unit language remains after stripping
8764,1,only dose/form/unit language remains after stripping
90 mg,1,only dose/form/unit language remains after stripping
9078,1,only dose/form/unit language remains after stripping
"96,4%",1,only dose/form/unit language remains after stripping
9623,1,only dose/form/unit language remains after stripping
9715293,1,only dose/form/unit language remains after stripping
99 A,1,only dose/form/unit language remains after stripping
9ml,1,only dose/form/unit language remains after stripping
A-831,1,only dose/form/unit language remains after stripping
A.A.S. 100 mg comprimidos.,1,only dose/form/unit language remains after stripping
Al,1,shorter than 3 characters
BP,1,shorter than 3 characters
C,1,shorter than 3 characters
CD,1,shorter than 3 characters
Capsule coated tablets,1,only dose/form/unit language remains after stripping
Capsules,1,only dose/form/unit language remains after stripping
Concentrate for solution for infusion,1,only dose/form/unit language remains after stripping
E,1,shorter than 3 characters
EU,1,shorter than 3 characters
F,1,shorter than 3 characters
FP,1,shorter than 3 characters
Film-coated tablet Oral Use,1,only dose/form/unit language remains after stripping
Granules for oral suspension,1,only dose/form/unit language remains after stripping
Hard capsules,1,only dose/form/unit language remains after stripping
I.V. 1000 mg,1,only dose/form/unit language remains after stripping
IM,1,shorter than 3 characters
INN Name Not yet assigned,1,"placeholder text, not a substance"
INN name not assigned yet,1,"placeholder text, not a substance"
INN name not yet established,1,"placeholder text, not a substance"
INN not yet assigned - LY2216684,1,"placeholder text, not a substance"
INN not yet assigned-LY2216684,1,"placeholder text, not a substance"
Ig IV,1,only dose/form/unit language remains after stripping
Inhalation solution,1,only dose/form/unit language remains after stripping
Intravenous,1,only dose/form/unit language remains after stripping
JP,1,shorter than 3 characters
KY,1,shorter than 3 characters
Kонвулекс хроно 500 mg таблетки с удължено освобождаване,1,only dose/form/unit language remains after stripping
L,1,shorter than 3 characters
ML CONCENTRATE FOR SOLUTION FOR INFUSION,1,only dose/form/unit language remains after stripping
"ML,",1,only dose/form/unit language remains after stripping
NF,1,shorter than 3 characters
NONE,1,"placeholder text, not a substance"
NOT APPLICABLE,1,"placeholder text, not a substance"
NOT ASSIGNED,1,"placeholder text, not a substance"
Na,1,shorter than 3 characters
Nil,1,"placeholder text, not a substance"
No,1,shorter than 3 characters
Not Applicable N,1,"placeholder text, not a substance"
Not Assigned yet,1,"placeholder text, not a substance"
Not Known,1,"placeholder text, not a substance"
Not Yet Available,1,"placeholder text, not a substance"
Not applicable yet,1,"placeholder text, not a substance"
Not assigned by WHO since the active substance is a specific crystal form inorganic compound,1,"placeholder text, not a substance"
Not available see D.3.9.3,1,"placeholder text, not a substance"
Not known yet,1,"placeholder text, not a substance"
Not yet available.,1,"placeholder text, not a substance"
PE,1,shorter than 3 characters
Powder for concentrate for solution for infusion,1,only dose/form/unit language remains after stripping
Powder for solution for infusion,1,only dose/form/unit language remains after stripping
Proposed INN to be confirmed in May 2017,1,"placeholder text, not a substance"
S2,1,shorter than 3 characters
S3,1,shorter than 3 characters
"Solution for Injection, subcutaneous Use",1,only dose/form/unit language remains after stripping
Solution for injection,1,only dose/form/unit language remains after stripping
Solution for injection in pre-filled syringe,1,only dose/form/unit language remains after stripping
Suspension,1,only dose/form/unit language remains after stripping
THE-630,1,only dose/form/unit language remains after stripping
TP,1,shorter than 3 characters
Tablets for oral use,1,only dose/form/unit language remains after stripping
UNKNOWN,1,"placeholder text, not a substance"
V),1,shorter than 3 characters
batch released by Creapharm (MIA No. 2025 001 1 2 4 10). One hard capsule contains only 350 mg Macrogol 6000. No active substance. EU MP number: not applicable. Marketing Authorisation: not applicable.,1,"placeholder text, not a substance"
capsules,1,only dose/form/unit language remains after stripping
da,1,shorter than 3 characters
"dose, solution à inhaler",1,only dose/form/unit language remains after stripping
ds,1,shorter than 3 characters
film-coated tablets,1,only dose/form/unit language remains after stripping
g (0.025%) gel],1,only dose/form/unit language remains after stripping
"g + 0,25 mg",1,only dose/form/unit language remains after stripping
"g + 0,25mg",1,only dose/form/unit language remains after stripping
g + 10 mg,1,only dose/form/unit language remains after stripping
g + 200 mg,1,only dose/form/unit language remains after stripping
g + 25 mg,1,only dose/form/unit language remains after stripping
g + 250 mg,1,only dose/form/unit language remains after stripping
g gel,1,only dose/form/unit language remains after stripping
g transdermal gel.,1,only dose/form/unit language remains after stripping
g γέλη,1,only dose/form/unit language remains after stripping
g.,1,shorter than 3 characters
h,1,shorter than 3 characters
h Transdermal Patch,1,only dose/form/unit language remains after stripping
infusie.,1,only dose/form/unit language remains after stripping
infusion intravenous,1,only dose/form/unit language remains after stripping
inhalation solution,1,only dose/form/unit language remains after stripping
injection,1,only dose/form/unit language remains after stripping
j,1,shorter than 3 characters
l Infusionslösung,1,only dose/form/unit language remains after stripping
l Solution for Infusion,1,only dose/form/unit language remains after stripping
l),1,shorter than 3 characters
"l, solution for infusion.",1,only dose/form/unit language remains after stripping
mL + 5 mg,1,only dose/form/unit language remains after stripping
mL Concentrate for solution for infusion,1,only dose/form/unit language remains after stripping
mL Dose for IM Injection,1,only dose/form/unit language remains after stripping
mL Solution for Infusion,1,only dose/form/unit language remains after stripping
mL Solution for injection in Pre-filled Syringe,1,only dose/form/unit language remains after stripping
mL concentrate for dispersion for infusion,1,only dose/form/unit language remains after stripping
mL concentrate for solution for infusion 400 mg,1,only dose/form/unit language remains after stripping
mL dispersion for injection.,1,only dose/form/unit language remains after stripping
mL granules for oral suspension,1,only dose/form/unit language remains after stripping
mL injection,1,only dose/form/unit language remains after stripping
mL powder for oral suspension,1,only dose/form/unit language remains after stripping
mL solución inyectable,1,only dose/form/unit language remains after stripping
mL solution for infusion for subcutaneous use,1,only dose/form/unit language remains after stripping
mL solution for inhalation),1,only dose/form/unit language remains after stripping
mL solution for intravenous injection,1,only dose/form/unit language remains after stripping
mL solution for subcutaneous injection,1,only dose/form/unit language remains after stripping
mL),1,only dose/form/unit language remains after stripping
"mL), solution injectable",1,only dose/form/unit language remains after stripping
"mL), solution injectable en flacon",1,only dose/form/unit language remains after stripping
"mL, 0%)",1,only dose/form/unit language remains after stripping
"mL, 10 mL vial",1,only dose/form/unit language remains after stripping
"mL, nasal spray solution",1,only dose/form/unit language remains after stripping
"mL, oral solution",1,only dose/form/unit language remains after stripping
"mL, poudre pour suspension injectable",1,only dose/form/unit language remains after stripping
"mL, solution for injection",1,only dose/form/unit language remains after stripping
"mL, solution à diluer pour perfusion (IV)",1,only dose/form/unit language remains after stripping
ml  Concentrate for solution for infusion,1,only dose/form/unit language remains after stripping
ml (0.9%) - Solution for injection,1,only dose/form/unit language remains after stripping
ml (0.9%) solution for injection,1,only dose/form/unit language remains after stripping
"ml (10%), concentraat voor oplossing voor infusie",1,only dose/form/unit language remains after stripping
ml (2ml,1,only dose/form/unit language remains after stripping
ml (<> 270 mg I,1,only dose/form/unit language remains after stripping
ml (solution for injection),1,only dose/form/unit language remains after stripping
"ml + 0,005 mg",1,only dose/form/unit language remains after stripping
ml + 10 mg,1,only dose/form/unit language remains after stripping
ml + 20 mg,1,only dose/form/unit language remains after stripping
"ml + 3,1 mg",1,only dose/form/unit language remains after stripping
ml + 5 microgram,1,only dose/form/unit language remains after stripping
ml + 8 mg,1,only dose/form/unit language remains after stripping
"ml -injektioneste, liuos",1,only dose/form/unit language remains after stripping
ml Concentraat voor Oplossing voor Infusie,1,only dose/form/unit language remains after stripping
ml Concentrate for Solution for Injection,1,only dose/form/unit language remains after stripping
ml Concentrate for solution for infusion,1,only dose/form/unit language remains after stripping
ml Intravenous infusion,1,only dose/form/unit language remains after stripping
ml KONZENTRAT ZUR HERSTELLUNG EINER INFUSIONSLÖSUNG,1,only dose/form/unit language remains after stripping
ml Konzentrat zur Herstellung einer Infusionslösung.,1,only dose/form/unit language remains after stripping
ml Lösung,1,only dose/form/unit language remains after stripping
ml Pulver zur Herstellung einer Injektionslsung,1,only dose/form/unit language remains after stripping
ml Solution for injection,1,only dose/form/unit language remains after stripping
ml Suspension,1,only dose/form/unit language remains after stripping
ml Suspension for Injection.,1,only dose/form/unit language remains after stripping
ml dispersion for injection,1,only dose/form/unit language remains after stripping
ml emulsion for infusion,1,only dose/form/unit language remains after stripping
ml emulsion for injection or infusion,1,only dose/form/unit language remains after stripping
ml infusion concentrate for solution,1,only dose/form/unit language remains after stripping
ml injeksjonsvæske,1,only dose/form/unit language remains after stripping
ml injektionsvätska lösning,1,only dose/form/unit language remains after stripping
ml liuos,1,only dose/form/unit language remains after stripping
ml oplossing voor injectie en infusie,1,only dose/form/unit language remains after stripping
"ml oral drops, solution.",1,only dose/form/unit language remains after stripping
ml oral lösning,1,only dose/form/unit language remains after stripping
ml oral lösning.,1,only dose/form/unit language remains after stripping
ml poeder voor oplossing voor infusie.,1,only dose/form/unit language remains after stripping
ml poeder voor oplossing voor injectie,1,only dose/form/unit language remains after stripping
ml poudre pour solution injectable,1,only dose/form/unit language remains after stripping
ml poudre pour solution pour perfusion,1,only dose/form/unit language remains after stripping
ml powder for solution for infusion,1,only dose/form/unit language remains after stripping
ml solución inyectable en vial,1,only dose/form/unit language remains after stripping
ml solution for Injection,1,only dose/form/unit language remains after stripping
ml solution for infusion and oral solution,1,only dose/form/unit language remains after stripping
ml solution for injection in a vial,1,only dose/form/unit language remains after stripping
"ml solution for injection, pre-filled syringe",1,only dose/form/unit language remains after stripping
ml solution for injection.,1,only dose/form/unit language remains after stripping
"ml solution injectable, 1 mg",1,only dose/form/unit language remains after stripping
"ml solution injectable, 2 mg",1,only dose/form/unit language remains after stripping
ml suspension for injection,1,only dose/form/unit language remains after stripping
ml suspension for injection in vial.,1,only dose/form/unit language remains after stripping
ml suspensión inyectable.,1,only dose/form/unit language remains after stripping
"ml ögondroppar, suspension",1,only dose/form/unit language remains after stripping
ml διάλυμα για ένεση,1,only dose/form/unit language remains after stripping
ml διάλυμα για ένεση ή έγχυση,1,only dose/form/unit language remains after stripping
ml πόσιμο διάλυμα,1,only dose/form/unit language remains after stripping
ml инжекционен разтвор,1,only dose/form/unit language remains after stripping
ml концентрат за инжекционен и инфузионен разтвор.,1,only dose/form/unit language remains after stripping
ml концентрат за инфузионен разтвор,1,only dose/form/unit language remains after stripping
"ml), solution injectable",1,only dose/form/unit language remains after stripping
"ml), solution injectable (I.V.) en ampoule",1,only dose/form/unit language remains after stripping
"ml), solution à diluer pour perfusion",1,only dose/form/unit language remains after stripping
"ml,",1,only dose/form/unit language remains after stripping
"ml,  oplossing voor injectie",1,only dose/form/unit language remains after stripping
"ml, 0.6ml per vial",1,only dose/form/unit language remains after stripping
"ml, 1 ml per vial",1,only dose/form/unit language remains after stripping
"ml, Injektionslösung, Infusionslösung",1,only dose/form/unit language remains after stripping
"ml, Powder For Oral Suspension",1,only dose/form/unit language remains after stripping
"ml, Solution for infusion",1,only dose/form/unit language remains after stripping
"ml, Suspension for Injection, 5 ml",1,only dose/form/unit language remains after stripping
"ml, concentraat voor oplossing voor infusie.",1,only dose/form/unit language remains after stripping
"ml, concentraat voor oplossing voor injectie",1,only dose/form/unit language remains after stripping
"ml, flacon de 100 ml",1,only dose/form/unit language remains after stripping
"ml, injeksjonsvæske",1,only dose/form/unit language remains after stripping
"ml, injektionsvätska, suspension",1,only dose/form/unit language remains after stripping
"ml, oplossing voor injectie.",1,only dose/form/unit language remains after stripping
"ml, poeder voor oplossing voor infusie",1,only dose/form/unit language remains after stripping
"ml, poeder voor orale suspensie",1,only dose/form/unit language remains after stripping
"ml, poudre pour solution à diluer pour perfusion",1,only dose/form/unit language remains after stripping
"ml, solución inyectable",1,only dose/form/unit language remains after stripping
"ml, solution injectable (IM",1,only dose/form/unit language remains after stripping
"ml, solution injectable (IV)",1,only dose/form/unit language remains after stripping
"ml, solution injectable en ampoule.",1,only dose/form/unit language remains after stripping
"ml, solution injectable ou pour perfusion",1,only dose/form/unit language remains after stripping
"ml, solution pour injection ou perfusion",1,only dose/form/unit language remains after stripping
"ml, solution pour perfusion.",1,only dose/form/unit language remains after stripping
"ml, solution à diluer pour injectable ou perfusion",1,only dose/form/unit language remains after stripping
"ml, suspensie voor injectie",1,only dose/form/unit language remains after stripping
"ml, suspension for injection",1,only dose/form/unit language remains after stripping
"ml, émulsion injectable ou pour perfusion",1,only dose/form/unit language remains after stripping
nd,1,shorter than 3 characters
no,1,shorter than 3 characters
not applicable at this stage,1,"placeholder text, not a substance"
not known,1,"placeholder text, not a substance"
"pour
perfusion",1,only dose/form/unit language remains after stripping
pour perfusion (IM,1,only dose/form/unit language remains after stripping
solution pour perfusion,1,only dose/form/unit language remains after stripping
spray nasal spray suspension,1,only dose/form/unit language remains after stripping
"spray transdermal spray, oppløsning",1,only dose/form/unit language remains after stripping
st,1,shorter than 3 characters
tablet.,1,only dose/form/unit language remains after stripping
tablets,1,only dose/form/unit language remains after stripping
tablets 100mg,1,only dose/form/unit language remains after stripping
v Intravenous Infusion BP,1,only dose/form/unit language remains after stripping
v Intravenous Infusion BP Solution for Infusion.,1,only dose/form/unit language remains after stripping
v Solution for Infusion.,1,only dose/form/unit language remains after stripping
v Solution for Injection,1,only dose/form/unit language remains after stripping
v for injection,1,only dose/form/unit language remains after stripping
"v), BP",1,only dose/form/unit language remains after stripping
"v, oplossing voor infusie",1,only dose/form/unit language remains after stripping
"v, διάλυμα για έγχυση",1,only dose/form/unit language remains after stripping
v.,1,shorter than 3 characters
v. Solution for injection,1,only dose/form/unit language remains after stripping
vial + 240mg,1,only dose/form/unit language remains after stripping
vial Κόνις για πυκνό σκεύασμα για παρασκευή διαλύματος προς έγχυση,1,only dose/form/unit language remains after stripping
vial),1,only dose/form/unit language remains after stripping
"vial, Powder for solution for injection",1,only dose/form/unit language remains after stripping
w Cream,1,only dose/form/unit language remains after stripping
ΔΕΞΤΡΟΖΗ ΕΝΕΣΙΜΟ ΔΙΑΛΥΜΑ,1,only dose/form/unit language remains after stripping
ΥΔΩΡ ΕΝΕΣΙΜΟ,1,only dose/form/unit language remains after stripping
έγχυση,1,only dose/form/unit language remains after stripping
Конвулекс 100 mg,1,only dose/form/unit language remains after stripping
МИГ-400 400 mg филмирани таблетки,1,only dose/form/unit language remains after stripping
НАТРИЕВ ХЛОРИД СОФАРМА 9 mg,1,only dose/form/unit language remains after stripping
Паклитаксел Ебеве 6 mg,1,only dose/form/unit language remains after stripping
ТРИТИКО 150 mg таблетки с удължено освобождаване,1,only dose/form/unit language remains after stripping
ТРИТИКО 75 mg таблетки с удължено освобождаване,1,only dose/form/unit language remains after stripping
инфузионен разтвор,1,only dose/form/unit language remains after stripping
∆1313,1,only dose/form/unit language remains after stripping
Beta-blockers,,"ATC drug class, not a substance"
Antiplatelet,,"ATC drug class, not a substance"
ANTIVIRALS FOR SYSTEMIC USE,,"ATC drug class, not a substance"
UROLOGICALS,,"ATC drug class, not a substance"
Emollients and protectives,,"ATC drug class, not a substance"
A complex,,not a substance name
"Microcrystalline cellulose, Lactose Monohydrate, Magnesium Stearate (non-bovine)",,excipient list; the model judged the lowercase spelling of this same string -1
