raw_name,source,suggested_canonical,other_names
"""Anpharm"" Przedsiębiorstwo Farmaceutyczne S.A.",epar_mah,"""Anpharm"" Przedsiebiorstwo Farmaceutyczne",NA
AbZ-Pharma GmbH,epar_mah,Abz-Pharma,NA
ACE Pharmaceuticals BV,epar_mah,Ace,NA
Acino AG,epar_mah,Acino,NA
Acino Pharma GmbH,epar_mah,Acino Pharma,Axunio Pharma GmbH
Adienne S.r.l. S.U.,epar_mah,Adienne,NA
A.C.O.M. - Advanced Center Oncology,epar_mah,Advanced Center,NA
Advanz Pharma Limited,epar_mah,Advanz Pharma,NA
Agenzia Industrie Difesa-Stabilimento Chimico Farmaceutico Militare,epar_mah,Agenzia Industrie Difesa-Stabilimento Chimico Farmaceutico Militare,NA
Agepha Pharma s.r.o.,epar_mah,Agepha Pharma,NA
Agios Netherlands B.V.,epar_mah,Agios,NA
Akebia Europe Limited,epar_mah,Akebia,NA
Alcon Laboratories (U.K.) Limited.,epar_mah,Alcon Laboratories,NA
Alimenterics B.V.,epar_mah,Alimenterics,NA
Alkermes Pharma Ireland Ltd.,epar_mah,Alkermes Pharma,NA
Alnylam Netherlands B.V.,epar_mah,Alnylam,NA
Amdipharm Limited,epar_mah,Amdipharm,NA
Amersham Sorin.S.r.l.,epar_mah,Amersham Sorin,NA
Amivas Ireland Ltd,epar_mah,Amivas,NA
Ammtek,epar_mah,Ammtek,NA
Amneal Pharma Europe Ltd,epar_mah,Amneal Pharma,NA
Amphastar France Pharmaceuticals,epar_mah,Amphastar,NA
Amryt AG,epar_mah,Amryt,NA
B And O Pharm,epar_mah,And Pharm,NA
Apellis Europe B.V.,epar_mah,Apellis,NA
Archie Samiel s.r.o.,epar_mah,Archie Samiel,Archie Samuel s.r.o.
Arena Pharmaceutical Enterprises Limited,epar_mah,Arena Pharmaceutical Enterprises,NA
Ark Therapeutics,epar_mah,Ark,NA
Ascend GmbH,epar_mah,Ascend,NA
Atnahs Pharma Netherlands B.V.,epar_mah,Atnahs Pharma,NA
Averoa,epar_mah,Averoa,NA
Avimedical B.V.,epar_mah,Avimedical,NA
Bausch  Lomb Ireland,epar_mah,Bausch Lomb,Bausch + Lomb Ireland Limited
Beecham Group plc,epar_mah,Beecham Group,NA
Belpharma s.a.,epar_mah,Belpharma,NA
bene-Arzneimittel GmbH,epar_mah,Bene-Arzneimittel,NA
betapharm Arzneimittel GmbH,epar_mah,Betapharm Arzneimittel,NA
"Bial - Portela  Cª, S.A.",epar_mah,Bial Portela Cª,"BIAL - Portela & Ca, S.A. | Bial Portela & Companhia S.A."
Billev Pharma Aps,epar_mah,Billev Pharma,NA
Biocryst,epar_mah,Biocryst,BioCryst Ireland Limited
Biogaran,epar_mah,Biogaran,NA
Biohaven Bioscience Ireland Limited,epar_mah,Biohaven Bioscience,NA
Biolitec Pharma Ltd,epar_mah,Biolitec Pharma,Biolitec pharma Limited Zweigniederlassung Jena
BioMimetic Therapeutics Ltd,epar_mah,Biomimetic,NA
BioNet Europe,epar_mah,Bionet,NA
BioNTech Manufacturing GmbH,epar_mah,Biontech Manufacturing,NA
Biosimilar Collaborations Ireland Limited,epar_mah,Biosimilar Collaborations,NA
Biovest Europe Ltd,epar_mah,Biovest,NA
Cancer Prevention Pharma (Ireland) Limited,epar_mah,Cancer Prevention Pharma,NA
CATS Consultants GmbH,epar_mah,Cats Consultants,NA
Ceft Biopharma s.r.o.,epar_mah,Ceft Biopharma,NA
CellSeed Europe Ltd,epar_mah,Cellseed,NA
Centauri Biotech SL,epar_mah,Centauri Biotech,NA
Centus Biotherapeutics Europe Limited,epar_mah,Centus Biotherapeutics,NA
Ceva Santé Animale,epar_mah,Ceva Sante Animale,NA
CEVA-Phylaxia Zrt.,epar_mah,Ceva-Phylaxia Zrt,NA
ChemGenex Europe SAS,epar_mah,Chemgenex,NA
CHEPLAPHARM Arzneimittel GmbH,epar_mah,Cheplapharm Arzneimittel,NA
CHEPLAPHARM Registration GmbH,epar_mah,Cheplapharm Registration,Cheplapharm Registration GmbH
CinnaGen Co Unipessoal LDA,epar_mah,Cinnagen Co Unipessoal Lda,NA
Cipla (EU) Limited,epar_mah,Cipla Eu,NA
CNX Therapeutics Ireland Limited,epar_mah,Cnx,NA
Cordex Biologics International Limited,epar_mah,Cordex Biologics,NA
Corza Medical GmbH,epar_mah,Corza Medical,NA
Covis Pharma Europe B.V.,epar_mah,Covis Pharma,NA
CP-Pharma Handelsgesellschaft mbH,epar_mah,Cp-Pharma Handelsgesellschaft,NA
Cstone Pharmaceuticals Ireland Limited,epar_mah,Cstone,NA
CTI Life Sciences Ltd,epar_mah,Cti Life,CTI Life Sciences Limited
CuraTeQ Biologics s.r.o,epar_mah,Curateq Biologics,CuraTeQ Biologics (Malta) Limited
Curium Romania S.R.L.,epar_mah,Curium,NA
Cycle Pharmaceuticals (Europe) Ltd,epar_mah,Cycle,NA
Dechra Veterinary Products A/S,epar_mah,Dechra Veterinary Products,NA
Dipharma Arzneimittel GmbH,epar_mah,Dipharma Arzneimittel,NA
DLRC Pharma Services Ltd,epar_mah,Dlrc Pharma Services,NA
DOR BIOPHARMA UK Ltd,epar_mah,Dor Biopharma,NA
Dynavax GmbH,epar_mah,Dynavax,Dynavax International B.V.
Eagle Laboratories Ltd.   ,epar_mah,Eagle Laboratories,NA
Eckert  Ziegler Radiopharma GmbH,epar_mah,Eckert Ziegler Radiopharma,Eckert & Ziegler Radiopharma GmbH
Ecuphar,epar_mah,Ecuphar,NA
Elanco GmbH,epar_mah,Elanco,Elanco Europe Ltd
Elanco animal health,epar_mah,Elanco Animal Health,NA
Emdoka BVBA,epar_mah,Emdoka Bvba,NA
Emmaus Medical Europe Ltd,epar_mah,Emmaus Medical,NA
Endoceutics S.A.,epar_mah,Endoceutics,NA
Epitopoietic Research Corporation-Belgium (E.R.C.),epar_mah,Epitopoietic Research Corporation-,NA
ERA Consulting GmbH,epar_mah,Era Consulting,NA
Essential Pharma Limited,epar_mah,Essential Pharma,NA
"Esteve Pharmaceuticals, S.A.",epar_mah,Esteve,Esteve Pharmaceuticals GmbH
Eurocept International BV,epar_mah,Eurocept,Eurocept International B. V.
EuroGen Pharmaceuticals Ltd,epar_mah,Eurogen,NA
EuroGenerics Holdings B.V.,epar_mah,Eurogenerics Holdings,NA
Evans Vaccines Ltd.,epar_mah,Evans Vaccines,NA
Evive Biotechnology Ireland Limited,epar_mah,Evive Biotechnology,NA
Extrovis EU Ltd,epar_mah,Extrovis Eu,NA
FGK Representative Service GmbH,epar_mah,Fgk Representative Service,NA
Galderma International,epar_mah,Galderma,NA
Galpharm Healthcare Ltd.,epar_mah,Galpharm Healthcare,NA
Gan & Lee Pharmaceuticals Europe GmbH,epar_mah,Gan And Lee,NA
Gedeon Richter,epar_mah,Gedeon Richter,NA
Gen.Orph,epar_mah,Gen Orph,NA
Gendux Molecular Limited,epar_mah,Gendux Molecular,NA
Generics (UK) Limited,epar_mah,Generics,NA
Gennisium Pharma,epar_mah,Gennisium Pharma,NA
Glaxo Group Limited ,epar_mah,Glaxo Group,Glaxo Group Limited
Glenmark Arzneimittel GmbH,epar_mah,Glenmark Arzneimittel,NA
Guidehouse Germany GmbH,epar_mah,Guidehouse,NA
Haleon Ireland Dungarvan Limited,epar_mah,Haleon Dungarvan,NA
HCS bvba ,epar_mah,Hcs Bvba,NA
Helsinn Birex Pharmaceuticals Ltd,epar_mah,Helsinn Birex,Helsinn Birex Pharmaceuticals Ltd.
Hikma Farmaceutica (Portugal) S.A.,epar_mah,Hikma Farmaceutica,NA
Hipra Human Health S.L.,epar_mah,Hipra Human Health,NA
Holostem s.r.l.,epar_mah,Holostem,NA
Inceptua AB,epar_mah,Inceptua,NA
Incline Therapeutics Europe Ltd,epar_mah,Incline,NA
Intas Third Party Sales 2005 S.L.,epar_mah,Intas Third Party Sales,NA
Intervet International BV,epar_mah,Intervet,Intervet International B.V.
Intrabio Ireland Limited,epar_mah,Intrabio,NA
Istituto Gentili S.r.l.,epar_mah,Istituto Gentili,NA
ITM Medical Isotopes GmbH,epar_mah,Itm Medical Isotopes,NA
Jenson Pharmaceutical Services Limited,epar_mah,Jenson Pharmaceutical Services,NA
JensonR+ Limited,epar_mah,Jensonr+,NA
Koanaa Healthcare GmbH,epar_mah,Koanaa Healthcare,NA
Krystal Biotech Netherlands B.V.,epar_mah,Krystal Biotech,NA
KS Biomedix Limited,epar_mah,Ks Biomedix,NA
La Jolla Limited,epar_mah,La Jolla,NA
Laboratoire Aguettant,epar_mah,Laboratoire Aguettant,NA
Laboratoire Francais du Fractionnement et des Biotechnologies,epar_mah,Laboratoire Francais Du Fractionnement Et Des Biotechnologies,NA
Laboratoires CTRS - Boulogne Billancourt,epar_mah,Laboratoires Ctrs Boulogne Billancourt,NA
Laboratoires Delbert,epar_mah,Laboratoires Delbert,NA
Laboratoires Juvisé Pharmaceuticals,epar_mah,Laboratoires Juvise,Laboratoires 3M Santé
"LABORATORIOS LORIEN, S.L",epar_mah,Laboratorios Lorien,Laboratorios Tillomed Spain S.L.U
Lantheus Germany GmbH,epar_mah,Lantheus,Lantheus EU Limited
Le Vet Beheer B.V.,epar_mah,Le Vet Beheer,NA
Leadiant GmbH,epar_mah,Leadiant,NA
LEO Laboratories Ltd.,epar_mah,Leo Laboratories,NA
Linde Healthcare AB,epar_mah,Linde Healthcare,NA
Lipomed GmbH,epar_mah,Lipomed,NA
Lucane Pharma,epar_mah,Lucane Pharma,NA
Lxo Ireland Designated Activity Company,epar_mah,Lxo Designated Activity,NA
Mallinckrodt Pharmaceuticals Ireland Limited,epar_mah,Mallinckrodt,Mallinckrodt Deutschland GmbH
Marvel Lifesciences Ltd,epar_mah,Marvel Lifesciences,Marvel LifeSciences Ltd.
Masuu Pharma Europe Limited,epar_mah,Masuu Pharma,Midas Pharma GmbH
MDS Nordion S.A.,epar_mah,Mds Nordion,NA
Medac,epar_mah,Medac,NA
medac Gesellschaft für klinische Spezialpräparate mbH,epar_mah,Medac Gesellschaft Fur Klinische Spezialpraparate,Medac Gesellschaft fuer klinische Spezialpraeparate mbH
Medice Arzneimittel Pütter GmbH  Co. KG,epar_mah,Medice Arzneimittel Putter Gmbh,Medice Arzneimittel Pütter GmbH & Co. KG
Medtronic BioPharma B.V.,epar_mah,Medtronic Biopharma,NA
A. Menarini Industrie Farmaceutiche Riunite s.r.l.,epar_mah,Menarini Industrie Farmaceutiche Riunite,NA
A. Menarini International Licensing S.A.,epar_mah,Menarini Licensing,NA
MendeliKABS Europe Ltd,epar_mah,Mendelikabs,NA
Merck Europe B.V.,epar_mah,Merck,Merck Europe B.V. 
Merial,epar_mah,Merial,Mérial | Merial S.A.S.  | Merial S.A.S.
L. Molteni & C. dei Fratelli Alitti Società di Esercizio S.p.A.,epar_mah,Molteni And Dei Fratelli Alitti Societa Di Esercizio,NA
Mylan S.A.S.,epar_mah,Mylan,Mylan S.A.S | Mylan Ireland Limited | Mylan Pharmaceuticals Limited | Mylan dura GmbH
Mylan IRE Healthcare Limited,epar_mah,Mylan Ire Healthcare,NA
"Nanotherapeutics Bohumil, s.r.o.",epar_mah,Nanotherapeutics Bohumil,NA
Neovii Biotech GmbH,epar_mah,Neovii Biotech,NA
Neuraxpharm Pharmaceuticals S.L.,epar_mah,Neuraxpharm,NA
NeuTec Pharma plc,epar_mah,Neutec Pharma,NA
New A Innovation (NL) Limited B.V.,epar_mah,New Innovation Nl,NA
Nexcyon Pharmaceuticals Ltd,epar_mah,Nexcyon,NA
Noden Pharma DAC,epar_mah,Noden Pharma Dac,NA
Nordic Group B.V.,epar_mah,Nordic Group,NA
Norgine B.V.,epar_mah,Norgine,NA
Norpharm Regulatory Services Ltd,epar_mah,Norpharm Regulatory Services,NA
Norton Healthcare Ltd.,epar_mah,Norton Healthcare,NA
NPS Pharma Holdings Limited,epar_mah,Nps Pharma Holdings,NA
Octapharma AB,epar_mah,Octapharma,NA
Ology Bioservices Ireland LTD,epar_mah,Ology Bioservices,NA
Olympus Biotech International Limited,epar_mah,Olympus Biotech,NA
Oresund Pharma ApS,epar_mah,Oresund Pharma,NA
Orexigen Therapeutics Ireland Limited,epar_mah,Orexigen,NA
OTR3,epar_mah,Otr3,NA
Outlook Therapeutics NL B. V.,epar_mah,Outlook Nl,NA
Pacira Limited,epar_mah,Pacira,Pacira Ireland Limited
Paratek Ireland Limited,epar_mah,Paratek,NA
Parnell Technologies (UK) Limited,epar_mah,Parnell Technologies,NA
Passauer Pharma GmbH,epar_mah,Passauer Pharma,NA
Pharm Research Associates (UK) Limited,epar_mah,Pharm Research Associates,NA
1 A Pharma GmbH,epar_mah,Pharma,NA
Pharmacia Europe EEIG,epar_mah,Pharmacia Eeig,Pharmacia - Pfizer EEIG
PharmaSwiss Ceska Republika s.r.o,epar_mah,Pharmaswiss Ceska Republika,NA
Phoenix Labs Unlimited Company,epar_mah,Phoenix Labs Unlimited,NA
Pinax Pharma GmbH,epar_mah,Pinax Pharma,NA
Pinnacle Biologics B.V. ,epar_mah,Pinnacle Biologics,NA
Piramal Critical Care B.V.,epar_mah,Piramal Critical Care,NA
Plethora Pharma Solutions Limited,epar_mah,Plethora Pharma Solutions,NA
Plusultra pharma GmbH,epar_mah,Plusultra Pharma,NA
Portola Pharma UK Limited,epar_mah,Portola Pharma,NA
Prevtec Microbia GmbH,epar_mah,Prevtec Microbia,NA
Prilenia Therapeutics B.V.,epar_mah,Prilenia,NA
Protherics PLC,epar_mah,Protherics,NA
Purpose Pharma International AB,epar_mah,Purpose Pharma,NA
Qilu Pharma Spain S.L.,epar_mah,Qilu Pharma,NA
Qualimed,epar_mah,Qualimed,NA
RAD Neurim Pharmaceuticals EEC SARL,epar_mah,Rad Neurim Eec,NA
I.D.B. Radiopharmacy B.V.,epar_mah,Radiopharmacy,NA
Rayner Surgical (Ireland) Limited,epar_mah,Rayner Surgical,NA
Reata Ireland Limited,epar_mah,Reata,Crealta Pharmaceuticals Ireland Limited
Reddy Holding GmbH,epar_mah,Reddy Holding,NA
Regulatory Pharma Net S.r.l.,epar_mah,Regulatory Pharma Net,NA
Reliance GeneMedix Plc,epar_mah,Reliance Genemedix,NA
Renable Pharma Limited,epar_mah,Renable Pharma,NA
Repligen Europe Limited,epar_mah,Repligen,NA
Resilience Biomanufacturing Ireland Limited,epar_mah,Resilience Biomanufacturing,NA
Richen Europe S.R.L,epar_mah,Richen,NA
Rilonacept FGK Representative Service GmbH,epar_mah,Rilonacept Fgk Representative Service,NA
Rotterdam Biologics B.V.,epar_mah,Rotterdam Biologics,NA
Samsung Bioepis NL B.V.,epar_mah,Samsung Bioepis Nl,NA
Santhera Pharmaceuticals (Deutschland) GmbH,epar_mah,Santhera Deutschland,NA
Sepracor Ltd.,epar_mah,Sepracor,NA
Seqirus GmbH,epar_mah,Seqirus,Seqirus S.r.l.  | Seqirus Netherlands B.V.
SERB SA,epar_mah,Serb,SERB SAS
Serono Europe Limited,epar_mah,Serono,NA
Serum Life Science Europe GmbH,epar_mah,Serum Life Science,NA
SFL Pharmaceuticals Deutschland GmbH,epar_mah,Sfl Deutschland,NA
Shine Europe B.V.,epar_mah,Shine,NA
SIGA Technologies Netherlands B.V.,epar_mah,Siga Technologies,NA
Sipaco Internacional Lda.,epar_mah,Sipaco Internacional Lda,NA
SK Chemicals GmbH,epar_mah,Sk Chemicals,NA
Sloan Pharma S.a.r.l,epar_mah,Sloan Pharma,NA
SP Europe,epar_mah,Sp Europe,NA
Stada Arzneimittel AG,epar_mah,Stada Arzneimittel,STADA Arzneimittel AG
Strides Pharma (Cyprus) Limited,epar_mah,Strides Pharma,NA
Strongbridge Dublin Limited,epar_mah,Strongbridge Dublin,NA
Sunesis Europe Ltd,epar_mah,Sunesis,NA
Tad Pharma GmbH,epar_mah,Tad Pharma,Taw Pharma (Ireland) Ltd | Taw Pharma (Ireland) Limited | ISTA Pharma Limited | Juta Pharma GmbH
Taiho Pharma Netherlands B.V.,epar_mah,Taiho Pharma,NA
Tanabe Pharma GmbH,epar_mah,Tanabe Pharma,NA
Targanta Netherlands B.V.,epar_mah,Targanta,NA
Techdow Pharma Netherlands B.V. ,epar_mah,Techdow Pharma,NA
Telix Innovations,epar_mah,Telix Innovations,NA
Theramex Ireland Limited,epar_mah,Theramex,NA
TLC Biopharmaceuticals B.V.,epar_mah,Tlc Biopharmaceuticals,NA
TMC Pharma (EU) Limited,epar_mah,Tmc Pharma Eu,TMC Pharma Services Ltd | TMC Pharma Services Ltd.
Topalliance Biosciences Europe Limited,epar_mah,Topalliance,NA
Toray International U.K. Limited,epar_mah,Toray,NA
Tour Hekla,epar_mah,Tour Hekla,NA
Triskel EU Services Ltd,epar_mah,Triskel Eu Services,NA
TriviumVet DAC,epar_mah,Triviumvet Dac,NA
UGA Biopharma,epar_mah,Uga Biopharma,NA
Ultragenyx UK Limited,epar_mah,Ultragenyx,Ultragenyx Germany GmbH
Unigene UK Ltd.,epar_mah,Unigene,NA
Upjohn EESV,epar_mah,Upjohn Eesv,NA
Vaia S.A.,epar_mah,Vaia,NA
Venipharm,epar_mah,Venipharm,NA
Viatris Limited,epar_mah,Viatris,NA
Viatris Healthcare Limited,epar_mah,Viatris Healthcare,NA
Virbac S.A.,epar_mah,Virbac,NA
Viridian Pharma Ltd,epar_mah,Viridian Pharma,NA
Vita (Europe) Limited,epar_mah,Vita,NA
Warner Chilcott  Deutschland GmbH,epar_mah,Warner Chilcott Deutschland,NA
Whiteoak Pharmaceutical B.V.,epar_mah,Whiteoak Pharmaceutical,NA
YES Pharmaceutical Development Services GmbH,epar_mah,Yes Pharmaceutical Development Services,NA
Zaklady FarmaFarmaceutyczne Polpharma S.Aceutyczne Polpharma S.A.,epar_mah,Zaklady Farmafarmaceutyczne Polpharma Aceutyczne Polpharma,NA
Zoetis Belgium,epar_mah,Zoetis,Zoetis Belgium SA
