alias_clean,sponsor_clean,resolves_to,resolves_source,resolves_status,triage,conflict
fundacio sant joan de deu,Fundació Sant Joan de Déu,Hospital Sant Joan de Deu,llm_reviewed,accepted,alias key taken by another canonical,alias key already maps to: Hospital Sant Joan de Deu
fundacion cris de investigacion para vencer el cancer,Fundación CRIS de Investigación para Vencer el Cáncer,Fundación CRIS contra el Cáncer,llm_reviewed,accepted,alias key taken by another canonical,alias key already maps to: Fundación CRIS contra el Cáncer
fundacion para la investigacion biomedica del hospital clinico san carlos,Fundación para la Investigación Biomédica del Hospital Clínico San Carlos,IRICYS - Fundación para la Investigación Biomédica del Hospital Clínico San Carlos,llm_reviewed,accepted,alias key taken by another canonical,alias key already maps to: IRICYS - Fundación para la Investigación Biomédica del Hospital Clínico San Carlos
institut bergonie,Institut Bergonié,Institut Bergoni - Centre Rgional de Lutte Contre le Cancer de Bordeaux et du Sud-ouest,llm_reviewed,accepted,alias key taken by another canonical,alias key already maps to: Institut Bergoni - Centre Rgional de Lutte Contre le Cancer de Bordeaux et du Sud-ouest
instituto aragons de ciencias de la salud,Instituto Aragons de Ciencias de la Salud,Instituto Aragonés de Ciencias de la Salud,llm_reviewed,accepted,alias key taken by another canonical,alias key already maps to: Instituto Aragonés de Ciencias de la Salud
instituto cientifico y tecnologico de navarra,Instituto Científico y Tecnológico de Navarra,ICT de Navarra,llm_reviewed,accepted,alias key taken by another canonical,alias key already maps to: ICT de Navarra
medical university of graz,Medical University of Graz,Medical University Of Graz,llm_curated,accepted,alias key taken by another canonical,alias key already maps to: Medical University Of Graz
university of edinburgh / nhs lothian health board,University of Edinburgh / NHS Lothian Health Board,NHS Lothian,llm_reviewed,accepted,alias key taken by another canonical,alias key already maps to: NHS Lothian
zealand university hospital,Zealand University Hospital,NA,negative_aliases,rejected,alias key taken by another canonical,alias key already maps to: Region Sjælland
aboca s p a societa agricola,ABOCA S.p.A. Società Agricola,ABOCA,llm_reviewed,accepted,deliberate mapping — self-alias would override,label already resolves to: ABOCA
achillion pharmaceuticals inc a wholly owned subsidiary of alexion pharmaceuticals,"Achillion Pharmaceuticals, Inc., a wholly owned subsidiary of Alexion Pharmaceuticals",Achillion Pharmaceuticals,llm_reviewed,accepted,deliberate mapping — self-alias would override,label already resolves to: Achillion Pharmaceuticals
allergie-centrum-charite universitatsmedizin berlin,Allergie-Centrum-Charité Universitätsmedizin Berlin,Charité Universitätsmedizin Berlin,containment:llm_curated,accepted,deliberate mapping — self-alias would override,label already resolves to: Charité Universitätsmedizin Berlin
almirall hermal,Almirall Hermal,Almirall,llm_reviewed,accepted,deliberate mapping — self-alias would override,label already resolves to: Almirall
angelini farmaceutici acraf,"Angelini Farmaceutici, ACRAF",Angelini,llm_reviewed,accepted,deliberate mapping — self-alias would override,label already resolves to: Angelini
associacio per a la recerca oncologica apro,Associació per a la Recerca Oncològica APRO,APRO,llm_reviewed,accepted,deliberate mapping — self-alias would override,label already resolves to: APRO
atvb - verein zur forderung der forschung auf dem gebiet der arteriosklerose thrombose und vaskularen biologie,"ATVB - Verein zur Förderung der Forschung auf dem Gebiet der Arteriosklerose, Thrombose und vaskulären Biologie",ATVB Verein,containment:llm_reviewed,accepted,deliberate mapping — self-alias would override,label already resolves to: ATVB Verein
azienda ospedaliero universitaria maggiore della carita di novara,Azienda Ospedaliero Universitaria Maggiore della Carità di Novara,Azienda Ospedaliero-Universitaria Maggiore Della Carita,containment:llm_reviewed,accepted,deliberate mapping — self-alias would override,label already resolves to: Azienda Ospedaliero-Universitaria Maggiore Della Carita
azienda ospedaliero-universitaria di udine,Azienda Ospedaliero-Universitaria di Udine,Azienda Ospedaliero-Universitaria di Cagliari,llm_reviewed,accepted,deliberate mapping — self-alias would override,label already resolves to: Azienda Ospedaliero-Universitaria di Cagliari
azienda ospedaliero-universitaria ospedali riuniti umberto i - g m lancisi - g salesi,Azienda Ospedaliero-Universitaria Ospedali Riuniti Umberto I - G.M. Lancisi - G. Salesi,Azienda Ospedaliero-Universitaria di Cagliari,llm_reviewed,accepted,deliberate mapping — self-alias would override,label already resolves to: Azienda Ospedaliero-Universitaria di Cagliari
azienda ospedaliero-universitaria san martino genova,Azienda Ospedaliero-Universitaria San Martino Genova,Azienda Ospedaliero-Universitaria di Cagliari,llm_reviewed,accepted,deliberate mapping — self-alias would override,label already resolves to: Azienda Ospedaliero-Universitaria di Cagliari
azienda ospedaliero-universitaria senese,Azienda Ospedaliero-Universitaria Senese,Azienda Ospedaliero-Universitaria di Cagliari,llm_reviewed,accepted,deliberate mapping — self-alias would override,label already resolves to: Azienda Ospedaliero-Universitaria di Cagliari
azienda ospedaliero-universitaria spedali civili di brescia,Azienda Ospedaliero-Universitaria Spedali Civili di Brescia,Azienda Ospedaliero-Universitaria di Cagliari,llm_reviewed,accepted,deliberate mapping — self-alias would override,label already resolves to: Azienda Ospedaliero-Universitaria di Cagliari
bauschlomb dr gerhard mann chem -fabrik,BauschLomb Dr Gerhard Mann chem.-Fabrik,Bausch & Lomb,llm_reviewed,accepted,deliberate mapping — self-alias would override,label already resolves to: Bausch & Lomb
bracco altana pharma,Bracco ALTANA Pharma,Bracco,llm_reviewed,accepted,deliberate mapping — self-alias would override,label already resolves to: Bracco
bracco imaging deutschland,Bracco Imaging Deutschland,Bracco,llm_reviewed,accepted,deliberate mapping — self-alias would override,label already resolves to: Bracco
centre hospitalier regional universitaire de besancon,Centre Hospitalier Régional Universitaire de Besançon,Centre Hospitalier Régional et Universitaire,final_family_map,accepted,deliberate mapping — self-alias would override,label already resolves to: Centre Hospitalier Régional et Universitaire
centro nacional de investigaciones cardiovasculares cnic,Centro Nacional de Investigaciones Cardiovasculares (CNIC),CNIC Centro Nacional de Investigaciones Cardiológicas,llm_reviewed,accepted,deliberate mapping — self-alias would override,label already resolves to: CNIC Centro Nacional de Investigaciones Cardiológicas
charite research organisation,Charité Research Organisation,Charité Universitätsmedizin Berlin,llm_curated,accepted,deliberate mapping — self-alias would override,label already resolves to: Charité Universitätsmedizin Berlin
chiron behring,Chiron Behring,Chiron,llm_curated,accepted,deliberate mapping — self-alias would override,label already resolves to: Chiron
chiron vaccines,Chiron Vaccines,Chiron,llm_curated,accepted,deliberate mapping — self-alias would override,label already resolves to: Chiron
ciber - consorcio centro de investigacion biomedica en red,CIBER - Consorcio Centro de Investigación Biomédica en Red,Consorcio Centro De Investigacion Biomedica En Red,containment:llm_reviewed,accepted,deliberate mapping — self-alias would override,label already resolves to: Consorcio Centro De Investigacion Biomedica En Red
ciber - idibell,CIBER - IDIBELL,IDIBELL - Institut d'Investigació Biomèdica de Bellvitge,llm_curated,accepted,deliberate mapping — self-alias would override,label already resolves to: IDIBELL - Institut d'Investigació Biomèdica de Bellvitge
clinical director daiichi sankyo,"Clinical Director, Daiichi Sankyo",Daiichi Sankyo,containment:llm_curated,accepted,deliberate mapping — self-alias would override,label already resolves to: Daiichi Sankyo
copenhagen university hospital - bispebjerg and frederiksberg,Copenhagen University Hospital - Bispebjerg and Frederiksberg,Rigshospitalet,llm_curated,accepted,deliberate mapping — self-alias would override,label already resolves to: Rigshospitalet
deutsches herzzentrum munchen,Deutsches Herzzentrum München,Deutsches Herzzentrum Berlin,llm_reviewed,accepted,deliberate mapping — self-alias would override,label already resolves to: Deutsches Herzzentrum Berlin
dipartimento biomedicina e prevenzione - universita degli studi di roma tor vergata,Dipartimento Biomedicina e Prevenzione - Università degli Studi di Roma Tor Vergata,Universita' Degli Studi Di Roma Tor Vergata,containment:llm_reviewed,accepted,deliberate mapping — self-alias would override,label already resolves to: Universita' Degli Studi Di Roma Tor Vergata
domain therapeutics australia pty,Domain Therapeutics Australia Pty,Domain Therapeutics,llm_reviewed,accepted,deliberate mapping — self-alias would override,label already resolves to: Domain Therapeutics
dr august wolff gmbh and co kg arzneimittel,Dr. August Wolff GmbH & Co. KG Arzneimittel,Dr. Gerhard Mann chem.-pharm. Fabrik GmbH,llm_reviewed,accepted,deliberate mapping — self-alias would override,label already resolves to: Dr. Gerhard Mann chem.-pharm. Fabrik GmbH
dr franz kohler chemie,Dr. Franz Köhler Chemie,Dr. Gerhard Mann chem.-pharm. Fabrik GmbH,llm_reviewed,accepted,deliberate mapping — self-alias would override,label already resolves to: Dr. Gerhard Mann chem.-pharm. Fabrik GmbH
dr kade pharmazeutische fabrik,Dr. Kade Pharmazeutische Fabrik,Dr. Gerhard Mann chem.-pharm. Fabrik GmbH,llm_reviewed,accepted,deliberate mapping — self-alias would override,label already resolves to: Dr. Gerhard Mann chem.-pharm. Fabrik GmbH
federation francophone de cancerologie digestive - ffcd,Fédération Francophone de Cancérologie Digestive - FFCD,Fédération Francophone de Cancérologie Digestive,containment:llm_reviewed,accepted,deliberate mapping — self-alias would override,label already resolves to: Fédération Francophone de Cancérologie Digestive
fidia farmaceutici,Fidia Farmaceutici,FIDIA,llm_reviewed,accepted,deliberate mapping — self-alias would override,label already resolves to: FIDIA
fimabis - fundacion publica andaluza para la investigacion de malaga en biomedicina y salud,FIMABIS - Fundación Pública Andaluza para la Investigación de Málaga en Biomedicina y Salud,FIMABIS,llm_reviewed,accepted,deliberate mapping — self-alias would override,label already resolves to: FIMABIS
folktandvarden landstinget dalarna,Folktandvården Landstinget Dalarna,Landstinget Dalarna,containment:llm_reviewed,accepted,deliberate mapping — self-alias would override,label already resolves to: Landstinget Dalarna
fondazione giscad - gruppo italiano per lo studio dei carcinomi dell'apparato digerente,Fondazione GISCAD - Gruppo Italiano per lo Studio dei Carcinomi dell'Apparato Digerente,GISCAD,llm_reviewed,accepted,deliberate mapping — self-alias would override,label already resolves to: GISCAD
fondazione nibit - network italiano per la bioterapia dei tumori,Fondazione NIBIT - Network Italiano per la Bioterapia dei Tumori,NIBIT,llm_reviewed,accepted,deliberate mapping — self-alias would override,label already resolves to: NIBIT
forschergruppe diabetes e v am helmholtz zentrum munchen,Forschergruppe Diabetes e. V. am Helmholtz Zentrum München,Forschergruppe Diabetes e. V.,containment:llm_reviewed,accepted,deliberate mapping — self-alias would override,label already resolves to: Forschergruppe Diabetes e. V.
fovea pharmaceuticals,Fovea Pharmaceuticals,FOVEA,llm_reviewed,accepted,deliberate mapping — self-alias would override,label already resolves to: FOVEA
fresenius kabi swissbiosim,Fresenius Kabi SwissBioSim,Fresenius Kabi,llm_reviewed,accepted,deliberate mapping — self-alias would override,label already resolves to: Fresenius Kabi
fujisawa healthcare,Fujisawa Healthcare,Fujisawa,llm_reviewed,accepted,deliberate mapping — self-alias would override,label already resolves to: Fujisawa
fundacio de recerca clinic barcelona idibaps,Fundació de Recerca Clínic Barcelona (IDIBAPS),IDIBAPS,llm_reviewed,accepted,deliberate mapping — self-alias would override,label already resolves to: IDIBAPS
fundacion de investigacion biomedica del hospital universitario de la princesa,Fundación de Investigación Biomédica del Hospital Universitario de La Princesa,Hospital Universitario La Princesa,llm_reviewed,accepted,deliberate mapping — self-alias would override,label already resolves to: Hospital Universitario La Princesa
fundacion de la comunidad valenciana hospital provincial de castellon,Fundación de la Comunidad Valenciana Hospital Provincial de Castellón,Fundación Hospital Provincial de Castellón,final_family_map,accepted,deliberate mapping — self-alias would override,label already resolves to: Fundación Hospital Provincial de Castellón
fundacion investigacion biomedica del hospital clinico san carlos,Fundación Investigación Biomédica del Hospital Clínico San Carlos,Hospital Clínico San Carlos,llm_reviewed,accepted,deliberate mapping — self-alias would override,label already resolves to: Hospital Clínico San Carlos
fundacion publica andaluza para la gestion de salud en sevilla fisevi,Fundación Pública Andaluza para la Gestión de Salud en Sevilla FISEVI,FISEVI,llm_reviewed,accepted,deliberate mapping — self-alias would override,label already resolves to: FISEVI
geicam fundacion grupo espanol de investigacion en cancer de mama,GEICAM Fundación Grupo Español de Investigación en Cáncer de Mama,Grupo Espanol De Investigacion En Cancer De Mama,containment:ctis_businesskey,accepted,deliberate mapping — self-alias would override,label already resolves to: Grupo Espanol De Investigacion En Cancer De Mama
geis - grupo espanol de investigacion en sarcomas,GEIS - Grupo Español de Investigación en Sarcomas,GEIS,llm_reviewed,accepted,deliberate mapping — self-alias would override,label already resolves to: GEIS
gem - grupo espanol multidisciplinar de melanoma,GEM - Grupo Español Multidisciplinar de Melanoma,Grupo Español Multidisciplinar de Melanoma,containment:llm_reviewed,accepted,deliberate mapping — self-alias would override,label already resolves to: Grupo Español Multidisciplinar de Melanoma
gemcad grupo espanol multidisciplinar en cancer digestivo,GEMCAD Grupo Español Multidisciplinar en Cáncer Digestivo,GEMCAD,llm_reviewed,accepted,deliberate mapping — self-alias would override,label already resolves to: GEMCAD
geneva university hospitals hug,Geneva University Hospitals (HUG),Hôpitaux Universitaires de Genève,llm_reviewed,accepted,deliberate mapping — self-alias would override,label already resolves to: Hôpitaux Universitaires de Genève
goim - gruppo oncologico dell'italia meridionale,GOIM - Gruppo Oncologico dell'Italia Meridionale,Gruppo Oncologico dell'Italia Meridionale,containment:llm_reviewed,accepted,deliberate mapping — self-alias would override,label already resolves to: Gruppo Oncologico dell'Italia Meridionale
grupo espanol de investigacion en sarcomas geis,Grupo Español de Investigación en Sarcomas GEIS,GEIS,llm_reviewed,accepted,deliberate mapping — self-alias would override,label already resolves to: GEIS
grupo espanol de oncologia genitourinaria sogug,Grupo Español de Oncología Genitourinaria SOGUG,Spanish Oncology Genitourinary Group SOGUG,llm_reviewed,accepted,deliberate mapping — self-alias would override,label already resolves to: Spanish Oncology Genitourinary Group SOGUG
grupo espanol de tumores neuroendocrinos y endocrinos getne,Grupo Español de Tumores Neuroendocrinos y Endocrinos GETNE,GETNE Grupo Español de Tumores Neuroendocrinos,containment:llm_reviewed,accepted,deliberate mapping — self-alias would override,label already resolves to: GETNE Grupo Español de Tumores Neuroendocrinos
helperby therapeutics ireland,Helperby Therapeutics Ireland,Helperby Therapeutics,llm_reviewed,accepted,deliberate mapping — self-alias would override,label already resolves to: Helperby Therapeutics
helsinki city hospital,Helsinki City Hospital,University of Helsinki,final_family_map,accepted,deliberate mapping — self-alias would override,label already resolves to: University of Helsinki
hospital sant joan de deu - ssm,Hospital Sant Joan de Déu - SSM,Hospital Sant Joan de Deu,final_family_map,accepted,deliberate mapping — self-alias would override,label already resolves to: Hospital Sant Joan de Deu
ibsa farmaceutici italia,IBSA Farmaceutici Italia,IBSA,llm_reviewed,accepted,deliberate mapping — self-alias would override,label already resolves to: IBSA
ibsa institut biochimique,IBSA Institut Biochimique,IBSA,llm_reviewed,accepted,deliberate mapping — self-alias would override,label already resolves to: IBSA
idibaps institut d'investigacions biomediques august pi i sunyer,IDIBAPS Institut d'Investigacions Biomèdiques August Pi i Sunyer,IDIBAPS,llm_reviewed,accepted,deliberate mapping — self-alias would override,label already resolves to: IDIBAPS
igtp - institut de recerca germans trias i pujol,IGTP - Institut de Recerca Germans Trias i Pujol,Institut de Recerca Germans Trias i Pujol,llm_reviewed,accepted,deliberate mapping — self-alias would override,label already resolves to: Institut de Recerca Germans Trias i Pujol
imea institut de medecine et d'epidemiologie appliquee - fondation leon mba,IMEA Institut de Médecine et d'Épidémiologie Appliquée - Fondation Léon MBa,IMEA,llm_reviewed,accepted,deliberate mapping — self-alias would override,label already resolves to: IMEA
institut d'investigacio biomedica de bellvitge - idibell,Institut d'Investigació Biomèdica de Bellvitge - IDIBELL,IDIBELL - Institut d'Investigació Biomèdica de Bellvitge,llm_curated,accepted,deliberate mapping — self-alias would override,label already resolves to: IDIBELL - Institut d'Investigació Biomèdica de Bellvitge
institut d'investigacio sanitaria pere virgili iispv,Institut d'Investigació Sanitaria Pere Virgili (IISPV),Instituto de Investigacin Sanitaria La Fe,final_family_map,accepted,deliberate mapping — self-alias would override,label already resolves to: Instituto de Investigacin Sanitaria La Fe
institut d'investigacions biomediques august pi i sunyer idibaps,Institut d'Investigacions Biomèdiques August Pi i Sunyer (IDIBAPS),IDIBAPS,llm_reviewed,accepted,deliberate mapping — self-alias would override,label already resolves to: IDIBAPS
institut de recerca biomedica de lleida irblleida,Institut de Recerca Biomèdica de Lleida (IRBLleida),Institut de Recerca,llm_reviewed,accepted,deliberate mapping — self-alias would override,label already resolves to: Institut de Recerca
institut de recerca de l'hospital de la santa creu i sant pau - iib sant pau,Institut de Recerca de l'Hospital de la Santa Creu i Sant Pau - IIB Sant Pau,Institut de Recerca,llm_reviewed,accepted,deliberate mapping — self-alias would override,label already resolves to: Institut de Recerca
institut de recerca de la sida irsicaixa,Institut de Recerca de la SIDA (IrsiCaixa),Institut de Recerca,llm_reviewed,accepted,deliberate mapping — self-alias would override,label already resolves to: Institut de Recerca
institut hospital del mar d'investigacions mediques imim,Institut Hospital del Mar d'Investigacions Mèdiques (IMIM),Hospital Del Mar,final_family_map,accepted,deliberate mapping — self-alias would override,label already resolves to: Hospital Del Mar
institut national de la sante et de la recherche medicale inserm,Institut National de la Santé et de la Recherche Médicale (INSERM),Inserm,ctis_businesskey,accepted,deliberate mapping — self-alias would override,label already resolves to: Inserm
institute of neuroscience ions universite catholique de louvain,"Institute of Neuroscience IoNS, Université catholique de Louvain",Université catholique de Louvain,containment:llm_reviewed,accepted,deliberate mapping — self-alias would override,label already resolves to: Université catholique de Louvain
instituto de investigacion sanitaria aragon iis aragon,Instituto de Investigación Sanitaria Aragón (IIS Aragón),Instituto de Investigacin Sanitaria La Fe,final_family_map,accepted,deliberate mapping — self-alias would override,label already resolves to: Instituto de Investigacin Sanitaria La Fe
instituto de investigacion sanitaria bioaraba,Instituto de Investigación Sanitaria Bioaraba,Instituto de Investigacin Sanitaria La Fe,final_family_map,accepted,deliberate mapping — self-alias would override,label already resolves to: Instituto de Investigacin Sanitaria La Fe
instituto de investigacion sanitaria biocruces bizkaia,Instituto de Investigación Sanitaria Biocruces Bizkaia,Instituto de Investigacin Sanitaria La Fe,final_family_map,accepted,deliberate mapping — self-alias would override,label already resolves to: Instituto de Investigacin Sanitaria La Fe
instituto de investigacion sanitaria incliva,Instituto de Investigación Sanitaria INCLIVA,Instituto de Investigacin Sanitaria La Fe,final_family_map,accepted,deliberate mapping — self-alias would override,label already resolves to: Instituto de Investigacin Sanitaria La Fe
intrabio limited / intrabio,Intrabio Limited / IntraBio,IntraBio,llm_reviewed,accepted,deliberate mapping — self-alias would override,label already resolves to: IntraBio
irccs istituto oncologico veneto,IRCCS Istituto Oncologico Veneto,Istituto Oncologico Veneto,llm_reviewed,accepted,deliberate mapping — self-alias would override,label already resolves to: Istituto Oncologico Veneto
irccs ospedale pediatrico bambino gesu,IRCCS Ospedale Pediatrico Bambino Gesù,Ospedale Pediatrico Bambino Gesù,llm_curated,accepted,deliberate mapping — self-alias would override,label already resolves to: Ospedale Pediatrico Bambino Gesù
iricys - fundacion para la investigacion biomedica del hospital clinico san carlos,IRICYS - Fundación para la Investigación Biomédica del Hospital Clínico San Carlos,Hospital Clínico San Carlos,llm_reviewed,accepted,deliberate mapping — self-alias would override,label already resolves to: Hospital Clínico San Carlos
istituto nazionale per le malattie infettive lazzaro spallanzani - irccs,Istituto Nazionale per le Malattie Infettive Lazzaro Spallanzani - IRCCS,Istituto Nazionale per le Malattie Infettive Lazzaro Spallanzani,containment:llm_reviewed,accepted,deliberate mapping — self-alias would override,label already resolves to: Istituto Nazionale per le Malattie Infettive Lazzaro Spallanzani
ivi - instituto valenciano de infertilidad,IVI - Instituto Valenciano de Infertilidad,Instituto Valenciano de Infertilidad,containment:llm_reviewed,accepted,deliberate mapping — self-alias would override,label already resolves to: Instituto Valenciano de Infertilidad
ivi valencia s l / ivi valencia,Ivi Valencia S.L. / Ivi Valencia,IVI Valencia,llm_reviewed,accepted,deliberate mapping — self-alias would override,label already resolves to: IVI Valencia
jj prd a division of janssen-cilag,"JJ PRD, a division of Janssen-Cilag",Janssen-Cilag International,llm_curated,accepted,deliberate mapping — self-alias would override,label already resolves to: Janssen-Cilag International
johnson and johnson consumer,Johnson & Johnson Consumer,Johnson & Johnson,llm_curated,accepted,deliberate mapping — self-alias would override,label already resolves to: Johnson & Johnson
klinikum grosshadern lmu munchen,"Klinikum Großhadern, LMU München",Klinikum Der Universitat Munchen AöR,llm_curated,accepted,deliberate mapping — self-alias would override,label already resolves to: Klinikum Der Universitat Munchen AöR
l molteni and c dei f lli alitti societa di esercizio,L. Molteni & C. dei F.lli Alitti Società di Esercizio,Molteni,containment:llm_reviewed,accepted,deliberate mapping — self-alias would override,label already resolves to: Molteni
liverpool university hospitals nhs foundation trust,Liverpool University Hospitals NHS Foundation Trust,University of Liverpool,llm_reviewed,accepted,deliberate mapping — self-alias would override,label already resolves to: University of Liverpool
merckle recordati,Merckle Recordati,Recordati,llm_reviewed,accepted,deliberate mapping — self-alias would override,label already resolves to: Recordati
national institute for health and welfare thl,National Institute for Health and Welfare (THL),National Institute for Health and Welfare,llm_reviewed,accepted,deliberate mapping — self-alias would override,label already resolves to: National Institute for Health and Welfare
nih - ninds,NIH - NINDS,NINDS,llm_reviewed,accepted,deliberate mapping — self-alias would override,label already resolves to: NINDS
nordic bioscience clinical development,Nordic Bioscience Clinical Development,Nordic Bioscience,llm_reviewed,accepted,deliberate mapping — self-alias would override,label already resolves to: Nordic Bioscience
nordsjaellands hospital hillerod,Nordsjællands Hospital Hillerød,Nordsjællands Hospital,llm_reviewed,accepted,deliberate mapping — self-alias would override,label already resolves to: Nordsjællands Hospital
principia biopharma australia pty,Principia Biopharma Australia Pty,Principia Biopharma,llm_reviewed,accepted,deliberate mapping — self-alias would override,label already resolves to: Principia Biopharma
procter and gamble technical centres,Procter & Gamble Technical Centres,Procter & Gamble,llm_reviewed,accepted,deliberate mapping — self-alias would override,label already resolves to: Procter & Gamble
proqr therapeutics viii,ProQR Therapeutics VIII,ProQR Therapeutics,llm_reviewed,accepted,deliberate mapping — self-alias would override,label already resolves to: ProQR Therapeutics
rottapharm biotech,Rottapharm Biotech,Rottapharm,llm_reviewed,accepted,deliberate mapping — self-alias would override,label already resolves to: Rottapharm
royal melbourne hospital,Royal Melbourne Hospital,Royal Group Hospitals Trust,final_family_map,accepted,deliberate mapping — self-alias would override,label already resolves to: Royal Group Hospitals Trust
seqirus uk limited / seqirus uk limited / seqirus uk,Seqirus UK Limited / Seqirus UK Limited / Seqirus UK,Seqirus UK,llm_reviewed,accepted,deliberate mapping — self-alias would override,label already resolves to: Seqirus UK
societa industria farmaceutica italiana sifi,Società Industria Farmaceutica Italiana SIFI,SIFI,llm_reviewed,accepted,deliberate mapping — self-alias would override,label already resolves to: SIFI
suomen msd,Suomen MSD,MSD,llm_curated,accepted,deliberate mapping — self-alias would override,label already resolves to: MSD
tays sydankeskus,TAYS Sydänkeskus,Tampere University Hospital,llm_reviewed,accepted,deliberate mapping — self-alias would override,label already resolves to: Tampere University Hospital
tays sydansairaala,TAYS Sydänsairaala,Tampere University Hospital,llm_reviewed,accepted,deliberate mapping — self-alias would override,label already resolves to: Tampere University Hospital
theravance biopharma antibiotics,Theravance Biopharma Antibiotics,Theravance,llm_reviewed,accepted,deliberate mapping — self-alias would override,label already resolves to: Theravance
theravance biopharma ireland,Theravance Biopharma Ireland,Theravance,llm_reviewed,accepted,deliberate mapping — self-alias would override,label already resolves to: Theravance
theravance biopharma rd,Theravance Biopharma RD,Theravance,llm_reviewed,accepted,deliberate mapping — self-alias would override,label already resolves to: Theravance
universitatsklinikum magdeburg aor,Universitätsklinikum Magdeburg AöR,Otto-von-Guericke University,final_family_map,accepted,deliberate mapping — self-alias would override,label already resolves to: Otto-von-Guericke University
universite libre de bruxelles ulb,Université Libre de Bruxelles (ULB),Université Libre de Bruxelles,llm_reviewed,accepted,deliberate mapping — self-alias would override,label already resolves to: Université Libre de Bruxelles
universitetsklinikken for nyresygdomme og blodtryksforhojelse rigshospitalet,"Universitetsklinikken for Nyresygdomme og Blodtryksforhøjelse, Rigshospitalet",Rigshospitalet,llm_curated,accepted,deliberate mapping — self-alias would override,label already resolves to: Rigshospitalet
vall d'hebron institute of oncology vhio,Vall d'Hebron Institute of Oncology (VHIO),VHIO,llm_reviewed,accepted,deliberate mapping — self-alias would override,label already resolves to: VHIO
abalos therapeutics,Abalos Therapeutics,Alba Therapeutics,fuzzy:llm_reviewed,review,fuzzy false positive — self-alias would fix,label already resolves to: Alba Therapeutics
acetylon pharmaceuticals,Acetylon Pharmaceuticals,Actelion Pharmaceuticals,fuzzy:llm_curated,review,fuzzy false positive — self-alias would fix,label already resolves to: Actelion Pharmaceuticals
adienne,ADIENNE,Advicenne,fuzzy:llm_reviewed,review,fuzzy false positive — self-alias would fix,label already resolves to: Advicenne
agile therapeutics,Agile Therapeutics,AELIX Therapeutics,fuzzy:llm_reviewed,review,fuzzy false positive — self-alias would fix,label already resolves to: AELIX Therapeutics
alimera sciences europe,Alimera Sciences Europe,Alimera Sciences,fuzzy:llm_reviewed,review,fuzzy false positive — self-alias would fix,label already resolves to: Alimera Sciences
aquinox pharmaceuticals,Aquinox Pharmaceuticals,Aquilon Pharmaceuticals,fuzzy:llm_reviewed,review,fuzzy false positive — self-alias would fix,label already resolves to: Aquilon Pharmaceuticals
ark therapeutics,Ark Therapeutics,ARYx Therapeutics,fuzzy:llm_reviewed,review,fuzzy false positive — self-alias would fix,label already resolves to: ARYx Therapeutics
azienda ospedaliera l sacco,Azienda Ospedaliera L. Sacco,Azienda Ospedaliera S. Carlo,fuzzy:llm_reviewed,review,fuzzy false positive — self-alias would fix,label already resolves to: Azienda Ospedaliera S. Carlo
azienda ospedaliera universitaria gaetano martino messina,Azienda Ospedaliera Universitaria Gaetano Martino Messina,Azienda Ospedaliero-Universitaria Senese,fuzzy:llm_reviewed,review,fuzzy false positive — self-alias would fix,label already resolves to: Azienda Ospedaliero-Universitaria Senese
azienda unita sanitaria locale della romagna,Azienda Unità Sanitaria Locale della Romagna,Azienda Unità Sanitaria Locale di Parma,fuzzy:llm_reviewed,review,fuzzy false positive — self-alias would fix,label already resolves to: Azienda Unità Sanitaria Locale di Parma
azienda unita sanitaria locale di modena,Azienda Unità Sanitaria Locale di Modena,Azienda Unita Sanitaria Locale Di Bologna,fuzzy:llm_reviewed,review,fuzzy false positive — self-alias would fix,label already resolves to: Azienda Unita Sanitaria Locale Di Bologna
bial industrial farmacutica,Bial Industrial Farmacutica,BIAL-Portela Ca,fuzzy:llm_reviewed,review,fuzzy false positive — self-alias would fix,label already resolves to: BIAL-Portela Ca
bio-thera solutions,Bio-Thera Solutions,Biothera,fuzzy:llm_reviewed,review,fuzzy false positive — self-alias would fix,label already resolves to: Biothera
biogenidec,BiogenIdec,Biogen,fuzzy:llm_curated,review,fuzzy false positive — self-alias would fix,label already resolves to: Biogen
biothervax,Biothervax,Biothera,fuzzy:llm_reviewed,review,fuzzy false positive — self-alias would fix,label already resolves to: Biothera
bold therapeutics,Bold Therapeutics,Biodol Therapeutics,fuzzy:llm_reviewed,review,fuzzy false positive — self-alias would fix,label already resolves to: Biodol Therapeutics
ccdrd cooperative clinical drug research and development,CCDRD Cooperative Clinical Drug Research and Development,CCDRD / 5med,fuzzy:llm_reviewed,review,fuzzy false positive — self-alias would fix,label already resolves to: CCDRD / 5med
centre hospitalier de bethune-beuvry,Centre Hospitalier de Béthune-Beuvry,Centre Hospitalier de Pau,fuzzy:llm_reviewed,review,fuzzy false positive — self-alias would fix,label already resolves to: Centre Hospitalier de Pau
centre hospitalier departemental de la vendee de la roche-sur-yon,Centre Hospitalier Départemental de la Vendée de la Roche-sur-Yon,Centre Hospitalier Départemental Vendée,fuzzy:llm_curated,review,fuzzy false positive — self-alias would fix,label already resolves to: Centre Hospitalier Départemental Vendée
centus biotherapeutics,Centus Biotherapeutics,Biodol Therapeutics,fuzzy:llm_reviewed,review,fuzzy false positive — self-alias would fix,label already resolves to: Biodol Therapeutics
chc liege,CHC Liège,Centre Hospitalier Universitaire de Liège,fuzzy:llm_curated,review,fuzzy false positive — self-alias would fix,label already resolves to: Centre Hospitalier Universitaire de Liège
deutsche krebsgesellschaft,Deutsche Krebsgesellschaft,Deutsche Krebsgesellschaft e.V.,fuzzy:llm_reviewed,review,fuzzy false positive — self-alias would fix,label already resolves to: Deutsche Krebsgesellschaft e.V.
edge therapeutics,Edge Therapeutics,Egle Therapeutics,fuzzy:llm_reviewed,review,fuzzy false positive — self-alias would fix,label already resolves to: Egle Therapeutics
evotec neurosciences,Evotec Neurosciences,Evotec NeurosciencesGmbH,fuzzy:llm_reviewed,review,fuzzy false positive — self-alias would fix,label already resolves to: Evotec NeurosciencesGmbH
fakultni nemocnice motol,Fakultní nemocnice Motol,Fakultni Nemocnice V Motole,fuzzy:llm_reviewed,review,fuzzy false positive — self-alias would fix,label already resolves to: Fakultni Nemocnice V Motole
ferrer international,Ferrer International,Ferrer Internacional,fuzzy:llm_reviewed,review,fuzzy false positive — self-alias would fix,label already resolves to: Ferrer Internacional
folktandvarden sodra bohuslan,Folktandvården Södra Bohuslän,Folktandvrden,fuzzy:llm_reviewed,review,fuzzy false positive — self-alias would fix,label already resolves to: Folktandvrden
fondazione g pascale,Fondazione G. Pascale,Fondazione GONO,fuzzy:llm_reviewed,review,fuzzy false positive — self-alias would fix,label already resolves to: Fondazione GONO
friedrich-alexander-universitat erlangen-nurnberg,Friedrich-Alexander-Universität Erlangen-Nürnberg,Universitätsklinikum Erlangen,fuzzy:llm_reviewed,review,fuzzy false positive — self-alias would fix,label already resolves to: Universitätsklinikum Erlangen
fundacio ace - institut catala de neurociencies aplicades,Fundació ACE - Institut Català de Neurociències Aplicades,Fundacin ACE,fuzzy:llm_reviewed,review,fuzzy false positive — self-alias would fix,label already resolves to: Fundacin ACE
fundacio assistencial mutua de terrassa,Fundació Assistencial Mútua de Terrassa,Fundaci Assistencial Mtua Terrassa,fuzzy:llm_reviewed,review,fuzzy false positive — self-alias would fix,label already resolves to: Fundaci Assistencial Mtua Terrassa
fundacion para la investigacion biomedica del hospital universitario de lleida,Fundación para la Investigación Biomédica del Hospital Universitario de Lleida,Fundación para la Investigación Biomédica del Hospital Universitario La Paz,fuzzy:ctis_businesskey,review,fuzzy false positive — self-alias would fix,label already resolves to: Fundación para la Investigación Biomédica del Hospital Universitario La Paz
galpagos,Galpagos,Galapagos,fuzzy:llm_curated,review,fuzzy false positive — self-alias would fix,label already resolves to: Galapagos
grupo de investigacion en tumores uro-oncologicos,Grupo de Investigación en Tumores Uro-oncológicos,Grupo de Investigacin ICP,fuzzy:llm_reviewed,review,fuzzy false positive — self-alias would fix,label already resolves to: Grupo de Investigacin ICP
heinrich-heine-universitat dusseldorf,Heinrich-Heine-Universität Düsseldorf,Heinrich-Heine-Universitaet Duesseldorf,fuzzy:llm_reviewed,review,fuzzy false positive — self-alias would fix,label already resolves to: Heinrich-Heine-Universitaet Duesseldorf
helperby thearapeutics,Helperby Thearapeutics,Helperby Therapeutics,fuzzy:llm_reviewed,review,fuzzy false positive — self-alias would fix,label already resolves to: Helperby Therapeutics
hospital regional universitario de malaga,Hospital Regional Universitario de Málaga,Hospital Regional Universitario. IBIMA,fuzzy:llm_reviewed,review,fuzzy false positive — self-alias would fix,label already resolves to: Hospital Regional Universitario. IBIMA
idenix pharmaceuticals,Idenix Pharmaceuticals,InDex Pharmaceuticals,fuzzy:llm_reviewed,review,fuzzy false positive — self-alias would fix,label already resolves to: InDex Pharmaceuticals
in therapeutics co,iN Therapeutics Co.,INO Therapeutics,fuzzy:llm_reviewed,review,fuzzy false positive — self-alias would fix,label already resolves to: INO Therapeutics
inotek pharmaceuticals,Inotek Pharmaceuticals,InDex Pharmaceuticals,fuzzy:llm_reviewed,review,fuzzy false positive — self-alias would fix,label already resolves to: InDex Pharmaceuticals
institut de cancerologie de la loire,Institut de Cancérologie de la Loire,Institut de Cancérologie de l'Ouest,fuzzy:llm_reviewed,review,fuzzy false positive — self-alias would fix,label already resolves to: Institut de Cancérologie de l'Ouest
instituto de investigacion del sueno,Instituto de Investigación del Sueño,Instituto de Investigaciones del Sueño,fuzzy:llm_reviewed,review,fuzzy false positive — self-alias would fix,label already resolves to: Instituto de Investigaciones del Sueño
kepler universitatsklinikum,Kepler Universitätsklinikum,Universitaetsklinikum Ulm AöR,fuzzy:llm_reviewed,review,fuzzy false positive — self-alias would fix,label already resolves to: Universitaetsklinikum Ulm AöR
king's college hospital nhs foundation trust,King's College Hospital NHS Foundation Trust,Kings College Hospital NHS Foundation Trust,fuzzy:llm_curated,review,fuzzy false positive — self-alias would fix,label already resolves to: Kings College Hospital NHS Foundation Trust
king's college london / south london and maudsley nhs foundation trust,King's College London / South London and Maudsley NHS Foundation Trust,King's College London,fuzzy:llm_curated,review,fuzzy false positive — self-alias would fix,label already resolves to: King's College London
klinikum rechts der isar der tu munchen,Klinikum rechts der Isar der TU München,Klinikum rechts der Isar der TU Muenchen AöR,fuzzy:ctis_businesskey,review,fuzzy false positive — self-alias would fix,label already resolves to: Klinikum rechts der Isar der TU Muenchen AöR
laboratorios lesvi,Laboratorios Lesvi,Laboratorios Leti,fuzzy:llm_curated,review,fuzzy false positive — self-alias would fix,label already resolves to: Laboratorios Leti
onl therapeutics,ONL Therapeutics,Onyx Therapeutics,fuzzy:llm_reviewed,review,fuzzy false positive — self-alias would fix,label already resolves to: Onyx Therapeutics
oxford biotherapeutics,Oxford Biotherapeutics,Biodol Therapeutics,fuzzy:llm_reviewed,review,fuzzy false positive — self-alias would fix,label already resolves to: Biodol Therapeutics
pediatric research international,Pediatric Research International,Pediatrics,fuzzy:llm_reviewed,review,fuzzy false positive — self-alias would fix,label already resolves to: Pediatrics
sciclone pharmaceuticals italy,Sciclone Pharmaceuticals Italy,SciClone Pharmaceuticals,fuzzy:llm_reviewed,review,fuzzy false positive — self-alias would fix,label already resolves to: SciClone Pharmaceuticals
serono internacional,Serono Internacional,Serono International,fuzzy:llm_curated,review,fuzzy false positive — self-alias would fix,label already resolves to: Serono International
st james's hospital dublin,"St. James's Hospital, Dublin","St Jamess Hospital, Dublin",fuzzy:llm_reviewed,review,fuzzy false positive — self-alias would fix,"label already resolves to: St Jamess Hospital, Dublin"
stadtisches klinikum munchen - bogenhausen,Städtisches Klinikum München - Bogenhausen,Klinikum Der Universitat Munchen AöR,fuzzy:llm_reviewed,review,fuzzy false positive — self-alias would fix,label already resolves to: Klinikum Der Universitat Munchen AöR
synta pharmaceutical,Synta Pharmaceutical,Syndax Pharmaceuticals,fuzzy:llm_reviewed,review,fuzzy false positive — self-alias would fix,label already resolves to: Syndax Pharmaceuticals
t7 therapeutics,T7 Therapeutics,TG Therapeutics,fuzzy:llm_reviewed,review,fuzzy false positive — self-alias would fix,label already resolves to: TG Therapeutics
universitatsklinik fur anasthesiologie und allgemeine intensivmedizin,Universitätsklinik für Anästhesiologie und allgemeine Intensivmedizin,Universitaetsklinikum Ulm AöR,fuzzy:llm_reviewed,review,fuzzy false positive — self-alias would fix,label already resolves to: Universitaetsklinikum Ulm AöR
universitatsklinikum aachen,Universitätsklinikum Aachen,Universitaetsklinikum Ulm AöR,fuzzy:llm_reviewed,review,fuzzy false positive — self-alias would fix,label already resolves to: Universitaetsklinikum Ulm AöR
universitatsklinikum carl gustav carus,Universitätsklinikum Carl Gustav Carus,Universitaetsklinikum Ulm AöR,fuzzy:llm_reviewed,review,fuzzy false positive — self-alias would fix,label already resolves to: Universitaetsklinikum Ulm AöR
universitatsklinikum des saarlandes,Universitätsklinikum des Saarlandes,Universitaetsklinikum Ulm AöR,fuzzy:llm_reviewed,review,fuzzy false positive — self-alias would fix,label already resolves to: Universitaetsklinikum Ulm AöR
universitatsklinikum giessen und marburg - standort giessen,Universitätsklinikum Gießen und Marburg - Standort Gießen,Universitätsklinikum Essen,fuzzy:llm_curated,review,fuzzy false positive — self-alias would fix,label already resolves to: Universitätsklinikum Essen
universitatsklinikum mannheim,Universitätsklinikum Mannheim,Universitaetsklinikum Ulm AöR,fuzzy:llm_reviewed,review,fuzzy false positive — self-alias would fix,label already resolves to: Universitaetsklinikum Ulm AöR
universitatsklinikum st polten,Universitätsklinikum St. Pölten,Universitaetsklinikum Ulm AöR,fuzzy:llm_reviewed,review,fuzzy false positive — self-alias would fix,label already resolves to: Universitaetsklinikum Ulm AöR
universitatsklinikum wurzburg,Universitätsklinikum Würzburg,Universitaetsklinikum Wuerzburg AöR,fuzzy:llm_reviewed,review,fuzzy false positive — self-alias would fix,label already resolves to: Universitaetsklinikum Wuerzburg AöR
university hospitals of derby and burton nhs foundation trust,University Hospitals of Derby & Burton NHS Foundation Trust,Universitaetsklinikum Ulm AöR,fuzzy:llm_reviewed,review,fuzzy false positive — self-alias would fix,label already resolves to: Universitaetsklinikum Ulm AöR
university of cincinnati,University of Cincinnati,University of Pécs,fuzzy:llm_reviewed,review,fuzzy false positive — self-alias would fix,label already resolves to: University of Pécs
university of eastern finland,University of Eastern Finland,University of Duisburg-Essen,fuzzy:llm_reviewed,review,fuzzy false positive — self-alias would fix,label already resolves to: University of Duisburg-Essen
university of freiburg,University of Freiburg,University of Pécs,fuzzy:llm_reviewed,review,fuzzy false positive — self-alias would fix,label already resolves to: University of Pécs
university of groningen,University of Groningen,University of Pécs,fuzzy:llm_reviewed,review,fuzzy false positive — self-alias would fix,label already resolves to: University of Pécs
university of hamburg,University of Hamburg,University of Pécs,fuzzy:llm_reviewed,review,fuzzy false positive — self-alias would fix,label already resolves to: University of Pécs
university of kansas medical center,University of Kansas Medical Center,University of Pécs,fuzzy:llm_reviewed,review,fuzzy false positive — self-alias would fix,label already resolves to: University of Pécs
university of kiel,University of Kiel,Université de Liège,fuzzy:llm_reviewed,review,fuzzy false positive — self-alias would fix,label already resolves to: Université de Liège
university of ljubljana,University of Ljubljana,University of Pécs,fuzzy:llm_reviewed,review,fuzzy false positive — self-alias would fix,label already resolves to: University of Pécs
university of milan,University of Milan,Universitatsmedizin der Johannes Gutenberg-Universitat Mainz KöR,fuzzy:llm_reviewed,review,fuzzy false positive — self-alias would fix,label already resolves to: Universitatsmedizin der Johannes Gutenberg-Universitat Mainz KöR
university of naples federico ii,University of Naples Federico II,University of Pécs,fuzzy:llm_reviewed,review,fuzzy false positive — self-alias would fix,label already resolves to: University of Pécs
university of porto,University of Porto,University of Pécs,fuzzy:llm_reviewed,review,fuzzy false positive — self-alias would fix,label already resolves to: University of Pécs
university of queensland,University of Queensland,University of Pécs,fuzzy:llm_reviewed,review,fuzzy false positive — self-alias would fix,label already resolves to: University of Pécs
university of sydney,University of Sydney,University of Pécs,fuzzy:llm_reviewed,review,fuzzy false positive — self-alias would fix,label already resolves to: University of Pécs
university of turin,University of Turin,Università degli Studi di Torino,fuzzy:llm_reviewed,review,fuzzy false positive — self-alias would fix,label already resolves to: Università degli Studi di Torino
wave life sciences ireland,Wave Life Sciences Ireland,Wave Life Sciences,fuzzy:llm_reviewed,review,fuzzy false positive — self-alias would fix,label already resolves to: Wave Life Sciences
westfalische wilhelms-universitat munster,Westfälische Wilhelms-Universität Münster,"Westfälische Wilhelms-Universität Münster, Universitätsklinikum Münster",fuzzy:llm_curated,review,fuzzy false positive — self-alias would fix,"label already resolves to: Westfälische Wilhelms-Universität Münster, Universitätsklinikum Münster"
abcsg,ABCSG,NA,NA,unknown,would hijack an already-matched raw string,key is a candidate of a matched raw string for: ABCSG | ABCSG GmbH / Alliance Foundation Trials
aicuris,AiCuris,NA,NA,unknown,would hijack an already-matched raw string,key is a candidate of a matched raw string for: AiCuris | AiCuris Anti-infective Cures
alcon,Alcon,NA,NA,unknown,would hijack an already-matched raw string,key is a candidate of a matched raw string for: Alcon | Alcon Italia
alfasigma,Alfasigma,NA,NA,unknown,would hijack an already-matched raw string,key is a candidate of a matched raw string for: Alfasigma | Alfasigma Czech s.r.o.
alimera sciences,Alimera Sciences,Alimera Sciences,fuzzy:llm_reviewed,review,would hijack an already-matched raw string,key is a candidate of a matched raw string for: Alimera Sciences | Alimera Sciences Europe
allergie-centrum-charite,Allergie-Centrum-Charité,Charité Universitätsmedizin Berlin,containment:llm_curated,accepted,would hijack an already-matched raw string,key is a candidate of a matched raw string for: Charité Universitätsmedizin Berlin
allergopharma,Allergopharma,NA,NA,unknown,would hijack an already-matched raw string,key is a candidate of a matched raw string for: Allergopharma | Allergopharma Joachim Ganzer
allergopharma joachim ganzer,Allergopharma Joachim Ganzer,Allergopharma Joachim Ganzer,fuzzy:llm_reviewed,review,would hijack an already-matched raw string,key is a candidate of a matched raw string for: Allergopharma | Allergopharma Joachim Ganzer
amersham,Amersham,NA,NA,unknown,would hijack an already-matched raw string,key is a candidate of a matched raw string for: Amersham | Amersham Health | GE Healthcare
antibiotice,Antibiotice,Antibiotice,fuzzy:llm_reviewed,review,would hijack an already-matched raw string,key is a candidate of a matched raw string for: Antibiotice | Antibiotice S.A. / Iasis Pharmaceuticals Hellas | Antibiotice S.A. / Iasis Pharmaceuticals Hellas A.B.E.E.
apodemus,Apodemus,NA,NA,unknown,would hijack an already-matched raw string,key is a candidate of a matched raw string for: Apodemus | Apodemus Aktiebolag
arcturus therapeutics,Arcturus Therapeutics,Arcturus Therapeutics,fuzzy:llm_reviewed,review,would hijack an already-matched raw string,key is a candidate of a matched raw string for: Arcturus Therapeutics | Arcturus Therapeutics Europe
arvinas,Arvinas,NA,NA,unknown,would hijack an already-matched raw string,key is a candidate of a matched raw string for: Arvinas | Arvinas Operations
asac pharmaceutical inmunology,Asac Pharmaceutical Inmunology,Asac Pharmaceutical Inmunology,fuzzy:llm_reviewed,review,would hijack an already-matched raw string,key is a candidate of a matched raw string for: Asac Pharmaceutical Inmunology | Asac Pharmaceutical Inmunology S.A. / Advanced Outcomes Research
asahi kasei pharma,Asahi Kasei Pharma,NA,NA,unknown,would hijack an already-matched raw string,key is a candidate of a matched raw string for: Asahi Kasei Pharma | Asahi Kasei Pharma America
ascendis pharma,Ascendis Pharma,Ascendis Pharma,fuzzy:llm_reviewed,review,would hijack an already-matched raw string,key is a candidate of a matched raw string for: Ascendis Pharma | Ascendis Pharma Growth Disorders
aventis pasteur msd,Aventis Pasteur MSD,MSD,llm_curated,accepted,would hijack an already-matched raw string,key is a candidate of a matched raw string for: Aventis Pasteur MSD | Sanofi Pasteur MSD
awd pharma,AWD.pharma,NA,NA,unknown,would hijack an already-matched raw string,key is a candidate of a matched raw string for: AWD.pharma | AWD.pharma GmbH Co. KG Medical Development
baxalta,Baxalta,NA,NA,unknown,would hijack an already-matched raw string,key is a candidate of a matched raw string for: Baxalta | Baxalta Innovations
berlin-chemie,Berlin-Chemie,Berlin-Chemie,fuzzy:llm_reviewed,review,would hijack an already-matched raw string,key is a candidate of a matched raw string for: Berlin-Chemie | Berlin-Chemie Menarini
biocon,Biocon,NA,NA,unknown,would hijack an already-matched raw string,key is a candidate of a matched raw string for: Biocon | Biocon Sdn. Bhd.
biopartners,BioPartners,NA,NA,unknown,would hijack an already-matched raw string,key is a candidate of a matched raw string for: BioPartners GmbH / LG Life Science | LG Life Science Ltd. / BioPartners
blue earth diagnostics,Blue Earth Diagnostics,NA,NA,unknown,would hijack an already-matched raw string,key is a candidate of a matched raw string for: Blue Earth Diagnostics | Blue Earth Diagnostics Ireland
calliditas therapeutics,Calliditas Therapeutics,Calliditas Therapeutics,fuzzy:llm_reviewed,review,would hijack an already-matched raw string,key is a candidate of a matched raw string for: Calliditas Therapeutics | Calliditas Therapeutics Suisse
ceegog,CEEGOG,NA,NA,unknown,would hijack an already-matched raw string,key is a candidate of a matched raw string for: CEEGOG | CEEGOG reg. ass.
celica,Celica,NA,NA,unknown,would hijack an already-matched raw string,"key is a candidate of a matched raw string for: Celica | Celica, Biomedical Center"
celyad,Celyad,NA,NA,unknown,would hijack an already-matched raw string,key is a candidate of a matched raw string for: Celyad | Celyad Oncology
cerevance,Cerevance,NA,NA,unknown,would hijack an already-matched raw string,key is a candidate of a matched raw string for: Cerevance | Cerevance Beta
chemo research,Chemo Research,Chemo Research,fuzzy:llm_reviewed,review,would hijack an already-matched raw string,key is a candidate of a matched raw string for: Chemo Research | Chemo Research S.L. / Inmunova
cipla,Cipla,NA,NA,unknown,would hijack an already-matched raw string,key is a candidate of a matched raw string for: Cipla | Cipla BioTec
diabetology,Diabetology,NA,NA,unknown,would hijack an already-matched raw string,key is a candidate of a matched raw string for: Diabetology | Medical University Of Graz
diamedica,DiaMedica,NA,NA,unknown,would hijack an already-matched raw string,key is a candidate of a matched raw string for: DiaMedica | Diamedica Therapeutics
dow pharmaceutical sciences,Dow Pharmaceutical Sciences,Dow Pharmaceutical Sciences,fuzzy:llm_reviewed,review,would hijack an already-matched raw string,"key is a candidate of a matched raw string for: Dow Pharmaceutical Sciences | Dow Pharmaceutical Sciences, Inc on behalf of Coria Laboratories"
dr reddy's laboratories,Dr. Reddy's Laboratories,Dr. Gerhard Mann chem.-pharm. Fabrik GmbH,llm_reviewed,accepted,would hijack an already-matched raw string,key is a candidate of a matched raw string for: Dr. Gerhard Mann chem.-pharm. Fabrik GmbH
drug delivery solutions,Drug Delivery Solutions,Drug Delivery Solutions,fuzzy:llm_reviewed,review,would hijack an already-matched raw string,key is a candidate of a matched raw string for: Drug Delivery Solutions | Drug Delivery Solutions Aps DDS c/o MC2 Biotek Group | DRUG DELIVERY SOLUTIONS ApS PART OF MC2 BIOTEK GROUP
durata therapeutics,Durata Therapeutics,Durata Therapeutics,fuzzy:llm_reviewed,review,would hijack an already-matched raw string,key is a candidate of a matched raw string for: Durata Therapeutics | Durata Therapeutics International
ebmt,EBMT,NA,NA,unknown,would hijack an already-matched raw string,key is a candidate of a matched raw string for: EBMT | EBMT / Gentium
endo pharmaceuticals,Endo Pharmaceuticals,Endo Pharmaceuticals,fuzzy:llm_reviewed,review,would hijack an already-matched raw string,key is a candidate of a matched raw string for: Endo Pharmaceuticals | Endo Pharmaceuticals Solutions
epiendo pharmaceuticals ehf,Epiendo Pharmaceuticals ehf.,EpiEndo Pharmaceuticals,llm_reviewed,accepted,would hijack an already-matched raw string,key is a candidate of a matched raw string for: EpiEndo Pharmaceuticals | Epiendo Pharmaceuticals ehf.
erempharma,Erempharma,NA,NA,unknown,would hijack an already-matched raw string,key is a candidate of a matched raw string for: Erempharma | Laboratoire Erempharma
ethicon,Ethicon,NA,NA,unknown,would hijack an already-matched raw string,"key is a candidate of a matched raw string for: Ethicon | Ethicon Inc., a Johnson Johnson Co."
f2g,F2G,NA,NA,unknown,would hijack an already-matched raw string,key is a candidate of a matched raw string for: F2G | F2G Biotech
faes farma,Faes Farma,Faes Farma,fuzzy:llm_reviewed,review,would hijack an already-matched raw string,key is a candidate of a matched raw string for: Faes Farma | Faes Farma S.A. / A. Menarini Industrie Farmaceutiche Riunite
flamel ireland,Flamel Ireland,NA,NA,unknown,would hijack an already-matched raw string,key is a candidate of a matched raw string for: Avadel Ireland | Flamel Ireland
forest laboratories,Forest Laboratories,Forest Laboratories,fuzzy:llm_reviewed,review,would hijack an already-matched raw string,"key is a candidate of a matched raw string for: Forest Laboratories | Forest Laboratories LLC, an Allergan Affiliate"
fresenius medical care,Fresenius Medical Care,NA,NA,unknown,would hijack an already-matched raw string,key is a candidate of a matched raw string for: Fresenius Medical Care | Fresenius Medical Care Deutschland
galderma,Galderma,NA,NA,unknown,would hijack an already-matched raw string,key is a candidate of a matched raw string for: Galderma | Galderma Research and Development
gedeon richter,Gedeon Richter,Gedeon Richter,fuzzy:llm_reviewed,review,would hijack an already-matched raw string,key is a candidate of a matched raw string for: Gedeon Richter | Gedeon Richter Ibérica
geicam,GEICAM,NA,NA,unknown,would hijack an already-matched raw string,key is a candidate of a matched raw string for: GEICAM | GEICAM Fundación Grupo Español de Investigación en Cáncer de Mama
geico,GEICO,NA,NA,unknown,would hijack an already-matched raw string,key is a candidate of a matched raw string for: Fondazione IRCCS Istituto Nazionale dei Tumori / Grupo Espaol de Investigacion en Cancer de Ovario GEICO | GEICO
genetic,Genetic,NA,NA,unknown,would hijack an already-matched raw string,key is a candidate of a matched raw string for: Genetic | Genetic Immunity Kft. | University of Copenhagen
genetronics,Genetronics,NA,NA,unknown,would hijack an already-matched raw string,key is a candidate of a matched raw string for: Genetronics | Genetronics / inovio Biomedical | Genetronics Biomedical
geneuro,GeneUro,NA,NA,unknown,would hijack an already-matched raw string,key is a candidate of a matched raw string for: GeneUro | GeNeuro Innovation
genkyotex,Genkyotex,NA,NA,unknown,would hijack an already-matched raw string,key is a candidate of a matched raw string for: Genkyotex | Genkyotex Innovation
getne,GETNE,NA,NA,unknown,would hijack an already-matched raw string,key is a candidate of a matched raw string for: GETNE | Grupo Español de Tumores Neuroendocrinos y Endocrinos GETNE
gh research,GH Research,NA,NA,unknown,would hijack an already-matched raw string,key is a candidate of a matched raw string for: GH Research | GH Research Ireland
gpoh,GPOH,NA,NA,unknown,would hijack an already-matched raw string,key is a candidate of a matched raw string for: GPOH gGmbH
green cross,Green Cross,NA,NA,unknown,would hijack an already-matched raw string,key is a candidate of a matched raw string for: Green Cross | Green Cross WellBeing
grifols,Grifols,NA,NA,unknown,would hijack an already-matched raw string,key is a candidate of a matched raw string for: Grifols | Grifols Biologicals | Grifols Italia
gw research,GW Research,NA,NA,unknown,would hijack an already-matched raw string,key is a candidate of a matched raw string for: GW Research | GW Research Limited / Jazz Pharmaceuticals Research UK
hamilton health sciences,Hamilton Health Sciences,NA,NA,unknown,would hijack an already-matched raw string,key is a candidate of a matched raw string for: Hamilton Health Sciences | Hamilton Health Sciences Corporation / PHRI Population Health Research Institute | Hamilton Health Sciences Corporation through its Population Health Research Institute
harmony biosciences,Harmony Biosciences,Harmony Biosciences,fuzzy:llm_reviewed,review,would hijack an already-matched raw string,key is a candidate of a matched raw string for: Harmony Biosciences | Harmony Biosciences Management
horizon therapeutics,Horizon Therapeutics,Horizon Therapeutics,fuzzy:llm_reviewed,review,would hijack an already-matched raw string,key is a candidate of a matched raw string for: Horizon Therapeutics | Horizon Therapeutics Ireland DAC
hospital clinico universitario de valladolid,Hospital Clínico Universitario de Valladolid,Hospital Clínico Universitario,llm_reviewed,accepted,would hijack an already-matched raw string,key is a candidate of a matched raw string for: Hospital Clínico Universitario
hospital universitario central de asturias,Hospital Universitario Central de Asturias,NA,NA,unknown,would hijack an already-matched raw string,key is a candidate of a matched raw string for: Grupo de Terapia Celular y Cardiovascular del Hospital Universitario Central de Asturias | Hospital Universitario Central de Asturias
hospital universitario de gran canaria dr negrin,Hospital Universitario de Gran Canaria Dr. Negrín,Hospital de Valme,fuzzy:llm_reviewed,review,would hijack an already-matched raw string,key is a candidate of a matched raw string for: Hospital Universitario de Gran Canaria Dr. Negrín | Nicanor Vega Diaz. Hospital Universitario de Gran Canaria Dr Negrin
hospital universitario puerta de hierro majadahonda,Hospital Universitario Puerta de Hierro Majadahonda,NA,NA,unknown,would hijack an already-matched raw string,key is a candidate of a matched raw string for: Centro Nacional de Investigaciones Cardiovasculares (CNIC) | Fundación Investigación Biomédica Hospital Puerta de Hierro | Fundación Investigación Biomédica Hospital Puerta de Hierro Majadahonda
ielsg,IELSG,NA,NA,unknown,would hijack an already-matched raw string,key is a candidate of a matched raw string for: Association International Extranodal Lymphoma Study Group | IELSG
ikfe,ikfe,NA,NA,unknown,would hijack an already-matched raw string,key is a candidate of a matched raw string for: ikfe | ikfe – Institute for Clinical Research and Development
immunicum,Immunicum,NA,NA,unknown,would hijack an already-matched raw string,key is a candidate of a matched raw string for: Immunicum | Mendus
incliva,INCLIVA,NA,NA,unknown,would hijack an already-matched raw string,key is a candidate of a matched raw string for: INCLIVA | Instituto de Investigación Sanitaria INCLIVA
infant bacterial therapeutics,Infant Bacterial Therapeutics,Infant Bacterial Therapeutics,fuzzy:llm_reviewed,review,would hijack an already-matched raw string,key is a candidate of a matched raw string for: Infant Bacterial Therapeutics | Infant Bacterial Therapeutics AB IBT
innovacell,Innovacell,Innovacell,fuzzy:llm_reviewed,review,would hijack an already-matched raw string,key is a candidate of a matched raw string for: Innovacell | Innovacell Biotecnologie
insel gruppe,Insel Gruppe,Insel Gruppe,fuzzy:llm_reviewed,review,would hijack an already-matched raw string,key is a candidate of a matched raw string for: Insel Gruppe | Insel Gruppe AG - Inselspital
institut catala d'oncologia,Institut Català d'Oncologia,NA,NA,unknown,would hijack an already-matched raw string,key is a candidate of a matched raw string for: ABCSG
institut de recerca de l'hospital de la santa creu i sant pau,Institut de Recerca de l'Hospital de la Santa Creu i Sant Pau,Institut de Recerca,llm_reviewed,accepted,would hijack an already-matched raw string,key is a candidate of a matched raw string for: Fundacio Institut De Recerca De L Hospital De La Santa Creu I Sant Pau
integrative research laboratories,Integrative Research Laboratories,Integrative Research Laboratories,fuzzy:llm_reviewed,review,would hijack an already-matched raw string,key is a candidate of a matched raw string for: Integrative Research Laboratories | Integrative Research Laboratories AB IRLAB | Integrative Research Laboratories Sweden AB IRLAB
intrabio,IntraBio,NA,NA,unknown,would hijack an already-matched raw string,key is a candidate of a matched raw string for: IntraBio | Intrabio Limited / IntraBio
king's college london,King's College London,King's College London,fuzzy:llm_curated,review,would hijack an already-matched raw string,key is a candidate of a matched raw string for: King's College Hospital NHS Foundation Trust
laboratorios casen-fleet,Laboratorios Casen-Fleet,Laboratorios Casen-Fleet,fuzzy:llm_reviewed,review,would hijack an already-matched raw string,key is a candidate of a matched raw string for: Laboratorios Casen-Fleet | Laboratorios Leti
lipid pharmaceuticals ehf,Lipid Pharmaceuticals ehf,Lipid Pharmaceuticals ehf,llm_reviewed,accepted,would hijack an already-matched raw string,key is a candidate of a matched raw string for: Lipid Pharmaceuticals ehf / Lsi hf
litaphar,Litaphar,NA,NA,unknown,would hijack an already-matched raw string,key is a candidate of a matched raw string for: Litaphar | Litaphar Laboratorios
lung,Lung,NA,NA,unknown,would hijack an already-matched raw string,key is a candidate of a matched raw string for: Lung | Lung Rx
lupin,Lupin,NA,NA,unknown,would hijack an already-matched raw string,key is a candidate of a matched raw string for: Lupin | Lupin Atlantis Holdings
mallinckrodt,Mallinckrodt,NA,NA,unknown,would hijack an already-matched raw string,key is a candidate of a matched raw string for: Mallinckrodt | Mallinckrodt ARD
mcm klosterfrau,MCM Klosterfrau,NA,NA,unknown,would hijack an already-matched raw string,key is a candidate of a matched raw string for: MCM Klosterfrau | MCM Klosterfrau Vertriebsgesellschaft mbH
medac,medac,NA,NA,unknown,would hijack an already-matched raw string,key is a candidate of a matched raw string for: medac | Medac Gesellschaft fuer klinische Spezialprapaerate mbH
medical university,Medical University,Medical University Of Graz,fuzzy:llm_reviewed,review,would hijack an already-matched raw string,"key is a candidate of a matched raw string for: Medical University Of Bialystok | Medical University Of Gdansk | Medical University Of Graz | Medical University Of Innsbruck | Medical University Of Lodz | Medical University of Lublin | Medical University Of Silesia Katowice Poland | Medical University Of Vienna | Medical University of Vienna / Diakonhjemmet Sykehus AS / Academisch Ziekenhuis Maastricht | Medical University of Vienna / sterreichische Nationalbank - Jubilumsfonds / Servier | Medical University of Warsaw | Medical University, Dpt. Internal Medicin, Division of General Inteal Medicine | Paracelsus Medical University | Pomeranian Medical University | Universitätsmedizin Greifswald | University Medical Center Groningen | Wroclaw Medical University"
medivation,Medivation,NA,NA,unknown,would hijack an already-matched raw string,key is a candidate of a matched raw string for: Medivation | Pfizer
medtronic,Medtronic,NA,NA,unknown,would hijack an already-matched raw string,key is a candidate of a matched raw string for: Medtronic | Medtronic International Trading Sarl
menarini,Menarini,NA,NA,unknown,would hijack an already-matched raw string,key is a candidate of a matched raw string for: Berlin-Chemie Menarini | Menarini | Menarini Benelux NV/SA | Menarini Benelux SA/NV | Menarini IFR International Division | Menarini International Operation Luxembourg | Menarini Ricerche
merckle,Merckle,NA,NA,unknown,would hijack an already-matched raw string,key is a candidate of a matched raw string for: Merckle | Merckle Recordati
millennium pharmaceuticals,Millennium Pharmaceuticals,Millennium Pharmaceuticals,fuzzy:llm_curated,review,would hijack an already-matched raw string,key is a candidate of a matched raw string for: Millennium Pharmaceuticals | Takeda
mitsubishi tanabe pharma,Mitsubishi Tanabe Pharma,Mitsubishi Tanabe Pharma,fuzzy:llm_reviewed,review,would hijack an already-matched raw string,key is a candidate of a matched raw string for: Mitsubishi Tanabe Pharma | Mitsubishi Tanabe Pharma Corporation / KUREHA CORPORATION | Mitsubishi Tanabe Pharma Corporation MTPC | Mitsubishi Tanabe Pharma Development America
mucos pharma,Mucos Pharma,NA,NA,unknown,would hijack an already-matched raw string,key is a candidate of a matched raw string for: Mucos Pharma | MUCOS Pharma CZ s.r.o.
mylan,Mylan,NA,NA,unknown,would hijack an already-matched raw string,key is a candidate of a matched raw string for: Mylan | Mylan Pharma UK
myovant sciences,Myovant Sciences,Myovant Sciences,fuzzy:llm_reviewed,review,would hijack an already-matched raw string,key is a candidate of a matched raw string for: Myovant Sciences | Myovant Sciences GmbH c/o Vischer AG
national institute of allergy and infectious diseases niaid,National Institute of Allergy and Infectious Diseases (NIAID),NIAID,llm_reviewed,accepted,would hijack an already-matched raw string,key is a candidate of a matched raw string for: National Institute of Allergy and Infectious Diseases (NIAID) | NIAID
noema pharma,Noema Pharma,Noema Pharma,fuzzy:llm_reviewed,review,would hijack an already-matched raw string,key is a candidate of a matched raw string for: Noema Pharma | Noema Pharma Australia Pty
norgine,Norgine,NA,NA,unknown,would hijack an already-matched raw string,key is a candidate of a matched raw string for: Norgine | Norgine Pharma
octapharma,Octapharma,Octapharma,fuzzy:llm_reviewed,review,would hijack an already-matched raw string,"key is a candidate of a matched raw string for: Octapharma | Octapharma Pharmazeutika Prod.Ges.m.b.H | Octapharma Pharmazeutika Produktionsges.m.b.H, Oberlaaer Strasse 235, A-1100 Vienna, Austria | Octapharma Pharmazeutika Produktionsges.m.b.H. | Octapharma Pharmazeutika Produktionsgesellschaft mbH"
oculis,Oculis,NA,NA,unknown,would hijack an already-matched raw string,key is a candidate of a matched raw string for: Oculis | Oculis ehf.
orion,Orion,NA,NA,unknown,would hijack an already-matched raw string,key is a candidate of a matched raw string for: Orion | Orion Pharma
oxthera,OxThera,NA,NA,unknown,would hijack an already-matched raw string,key is a candidate of a matched raw string for: OxThera | OxThera Intellectual Property
paion,Paion,NA,NA,unknown,would hijack an already-matched raw string,key is a candidate of a matched raw string for: Paion | Paion Pharma | PAION UK Ltd / Acacia Pharma
pantarhei bioscience,Pantarhei Bioscience,Pantarhei Bioscience,fuzzy:llm_reviewed,review,would hijack an already-matched raw string,key is a candidate of a matched raw string for: Pantarhei Bioscience | Pantarhei Bioscience BV / S.A. Odyssea Pharma
pari,PARI,NA,NA,unknown,would hijack an already-matched raw string,key is a candidate of a matched raw string for: PARI | PARIPharma
pep-tonic medical,PeP-Tonic Medical,Peptonic Medical,fuzzy:llm_reviewed,review,would hijack an already-matched raw string,key is a candidate of a matched raw string for: Peptonic Medical
peptcell,PepTcell,NA,NA,unknown,would hijack an already-matched raw string,key is a candidate of a matched raw string for: PepTcell | PepTcell Limited trading as SEEK
pharmamar,PharmaMar,PharmaMar,fuzzy:llm_reviewed,review,would hijack an already-matched raw string,"key is a candidate of a matched raw string for: PharmaMar | PharmaMar S.A., Sociedad Unipersonal"
protalix,Protalix,NA,NA,unknown,would hijack an already-matched raw string,key is a candidate of a matched raw string for: Protalix | Protalix BioTherapeutics
proveca,Proveca,NA,NA,unknown,would hijack an already-matched raw string,key is a candidate of a matched raw string for: Proveca | Proveca Pharma
ratiopharm,ratiopharm,ratiopharm,fuzzy:llm_reviewed,review,would hijack an already-matched raw string,key is a candidate of a matched raw string for: ratiopharm | Teva
razor genomics,Razor Genomics,Razor Genomics,fuzzy:llm_reviewed,review,would hijack an already-matched raw string,key is a candidate of a matched raw string for: Razor Genomics / Intergroupe Francophone de Cancérologie Thoracique
region vasterbotten,Region Västerbotten,Region Västerbotten,fuzzy:llm_reviewed,review,would hijack an already-matched raw string,key is a candidate of a matched raw string for: Region Västerbotten / Umea University
regional hospital holstebro,Regional Hospital Holstebro,NA,NA,unknown,would hijack an already-matched raw string,key is a candidate of a matched raw string for: Regional Hospital Holstebro | Regionshospitalet Holstebro
sankyo pharma,Sankyo Pharma,NA,NA,unknown,would hijack an already-matched raw string,key is a candidate of a matched raw string for: Daiichi Sankyo | Sankyo Pharma
sanofi pasteur msd,Sanofi Pasteur MSD,Sanofi,llm_curated,accepted,would hijack an already-matched raw string,key is a candidate of a matched raw string for: Sanofi
sciclone pharmaceuticals,SciClone Pharmaceuticals,SciClone Pharmaceuticals,fuzzy:llm_reviewed,review,would hijack an already-matched raw string,key is a candidate of a matched raw string for: SciClone Pharmaceuticals | Sciclone Pharmaceuticals International (SG) Pte. | Sciclone Pharmaceuticals Italy
sepracor,Sepracor,NA,NA,unknown,would hijack an already-matched raw string,key is a candidate of a matched raw string for: Sepracor | Sepracor NV in care of Sepracor
sla pharma uk,SLA Pharma UK,SLA Pharma UK,fuzzy:llm_reviewed,review,would hijack an already-matched raw string,key is a candidate of a matched raw string for: SLA Pharma UK | SLA Pharma UK Ltd / KD Swiss
sucampo,Sucampo,NA,NA,unknown,would hijack an already-matched raw string,key is a candidate of a matched raw string for: Sucampo | Sucampo Pharma Americas | Sucampo Pharma Europe
summit,Summit,NA,NA,unknown,would hijack an already-matched raw string,key is a candidate of a matched raw string for: Summit | Summit Cambridge | Summit Oxford
synektik,Synektik,NA,NA,unknown,would hijack an already-matched raw string,key is a candidate of a matched raw string for: Synektik | Synektik Spka Akcyjna
synthon,Synthon,NA,NA,unknown,would hijack an already-matched raw string,key is a candidate of a matched raw string for: Synthon | Synthon Chile LTDA.
tetec,TETEC,NA,NA,unknown,would hijack an already-matched raw string,key is a candidate of a matched raw string for: TETEC | TETEC Tissue Engineering Technologies
theracos,Theracos,NA,NA,unknown,would hijack an already-matched raw string,key is a candidate of a matched raw string for: Theracos | Theracos Sub
topotarget,Topotarget,NA,NA,unknown,would hijack an already-matched raw string,key is a candidate of a matched raw string for: Topotarget | TopoTarget Germany
uni-pharma,UNI-PHARMA,UNI-PHARMA,fuzzy:llm_reviewed,review,would hijack an already-matched raw string,key is a candidate of a matched raw string for: UNI-PHARMA | Uni-Pharma Kleon Tsetis Pharmaceutical Laboratories
univar,Univar,NA,NA,unknown,would hijack an already-matched raw string,key is a candidate of a matched raw string for: Univar | Univar Solutions
universite de liege,Université de Liège,Université de Liège,final_family_map,accepted,would hijack an already-matched raw string,key is a candidate of a matched raw string for: Centre Hospitalier Universitaire de Liège
universittsklinik fr innere medizin iii klinische,Universittsklinik Fr Innere Medizin Iii Klinische,Universitaetsklinikum Ulm AöR,fuzzy:llm_reviewed,review,would hijack an already-matched raw string,key is a candidate of a matched raw string for: Medical University Of Vienna
university college london hospitals nhs foundation trust,University College London Hospitals NHS Foundation Trust,University College London,llm_curated,accepted,would hijack an already-matched raw string,key is a candidate of a matched raw string for: University College London
university medical center groningen umcg,University Medical Center Groningen (UMCG),NA,negative_aliases,rejected,would hijack an already-matched raw string,key is a candidate of a matched raw string for: University Medical Center Groningen
university of athens,University of Athens,University of Aachen,fuzzy:llm_reviewed,review,would hijack an already-matched raw string,key is a candidate of a matched raw string for: National and Capodistrian University of Athens | University of Athens
university of szeged,University of Szeged,University of Pécs,fuzzy:llm_reviewed,review,would hijack an already-matched raw string,"key is a candidate of a matched raw string for: University of Szeged | University of Szeged, Medical and Pharmaceutical Center, Department of Ophthalmology / Semmelweis University Department of Ophthalmology / Cholnoky F. County Hospital Veszprm Department of Ophthalmology"
viatris,Viatris,NA,NA,unknown,would hijack an already-matched raw string,key is a candidate of a matched raw string for: Viatris | Viatris Innovation
vifor fresenius medical care renal pharma,Vifor Fresenius Medical Care Renal Pharma,Vifor Fresenius Medical Care Renal Pharma,fuzzy:llm_reviewed,review,would hijack an already-matched raw string,key is a candidate of a matched raw string for: OM PHARMA | Vifor Fresenius Medical Care Renal Pharma
wave life sciences,Wave Life Sciences,Wave Life Sciences,fuzzy:llm_reviewed,review,would hijack an already-matched raw string,key is a candidate of a matched raw string for: Wave Life Sciences | Wave Life Sciences Ireland
westdeutsche studiengruppe,Westdeutsche Studiengruppe,Westdeutsche Studiengruppe,fuzzy:llm_reviewed,review,would hijack an already-matched raw string,key is a candidate of a matched raw string for: Westdeutsche Studiengruppe | Westdeutsche Studiengruppe GmbH WSG
yamanouchi europe,Yamanouchi Europe,Yamanouchi Europe,fuzzy:llm_reviewed,review,would hijack an already-matched raw string,key is a candidate of a matched raw string for: Astellas Pharma | Yamanouchi Europe
zai lab,Zai Lab,NA,NA,unknown,would hijack an already-matched raw string,key is a candidate of a matched raw string for: Zai Lab | Zai Lab (Shanghai) Co.
zambon,Zambon,NA,NA,unknown,would hijack an already-matched raw string,key is a candidate of a matched raw string for: Zambon | Zambon Biotech | ZAMBON ITALIA
